-- MySQL dump 10.13  Distrib 5.5.47, for debian-linux-gnu (i686)
--
-- Host: localhost    Database: loja_7112
-- ------------------------------------------------------
-- Server version	5.5.47-0+deb7u1

/*!40101 SET @OLD_CHARACTER_SET_CLIENT=@@CHARACTER_SET_CLIENT */;
/*!40101 SET @OLD_CHARACTER_SET_RESULTS=@@CHARACTER_SET_RESULTS */;
/*!40101 SET @OLD_COLLATION_CONNECTION=@@COLLATION_CONNECTION */;
/*!40101 SET NAMES utf8 */;
/*!40103 SET @OLD_TIME_ZONE=@@TIME_ZONE */;
/*!40103 SET TIME_ZONE='+00:00' */;
/*!40014 SET @OLD_UNIQUE_CHECKS=@@UNIQUE_CHECKS, UNIQUE_CHECKS=0 */;
/*!40014 SET @OLD_FOREIGN_KEY_CHECKS=@@FOREIGN_KEY_CHECKS, FOREIGN_KEY_CHECKS=0 */;
/*!40101 SET @OLD_SQL_MODE=@@SQL_MODE, SQL_MODE='NO_AUTO_VALUE_ON_ZERO' */;
/*!40111 SET @OLD_SQL_NOTES=@@SQL_NOTES, SQL_NOTES=0 */;

--
-- Dumping data for table `arquivos`
--
-- WHERE:  tipo='comercial'

LOCK TABLES `arquivos` WRITE;
/*!40000 ALTER TABLE `arquivos` DISABLE KEYS */;
INSERT INTO `arquivos` VALUES ('comercial','Institucionais','extrasuper - Extra Delivery.mp3',0,'2016-04-20','2026-04-20','1,2,3,4,5,6,7',0,86399,'extrasuper','Lj_1303','Nao'),('comercial','Vinhetas_Pontes','extrasuper - Vinhetas Voce Esta Ouvindo A Radio Extra b.mp3',8,'2016-05-08','2016-05-08','1,2,3,4,5,6,7',0,86399,'extrasuper','Lj_1303','Nao'),('comercial','Eventos','extrasuper - Jingle Ecad 1000 hs.mp3',46,'2011-04-20','2030-01-01','1,2,3,4,5,6,7',36000,36059,'extrasuper','Lj_1303','Nao'),('comercial','Eventos','extrasuper - Jingle Ecad 1800 hs.mp3',46,'2011-04-20','2030-01-01','1,2,3,4,5,6,7',64800,64859,'extrasuper','Lj_1303','Nao'),('comercial','Institucionais','extrasuper - Cartao Presente.mp3',0,'2016-04-20','2026-04-20','1,2,3,4,5,6,7',0,86399,'extrasuper','Lj_1303','Nao'),('comercial','Vinhetas_Pontes','extrasuper - Vinhetas Voce Esta Ouvindo A Radio Extra.mp3',0,'2016-04-20','2026-04-20','1,2,3,4,5,6,7',0,86399,'extrasuper','Lj_1303','Nao'),('comercial','Vinhetas_Pontes','extrasuper - Vinhetas Tambem Esta Na Internet.mp3',0,'2016-04-20','2026-04-20','1,2,3,4,5,6,7',0,86399,'extrasuper','Lj_1303','Nao'),('comercial','Vinhetas_Pontes','extrasuper - Vinhetas Nao Perca Todos Os Dias Grandes Ofertas.mp3',0,'2016-04-20','2026-04-20','1,2,3,4,5,6,7',0,86399,'extrasuper','Lj_1303','Nao'),('comercial','Vinhetas_Pontes','extrasuper - Vinhetas Tambem Esta Na Internet b.mp3',9,'2016-05-08','2016-05-08','1,2,3,4,5,6,7',0,86399,'extrasuper','Lj_1303','Nao'),('comercial','Vinhetas_Pontes','extrasuper - Vinhetas Nao Perca Todos Os Dias Grandes Ofertas b.mp3',7,'2016-05-08','2016-05-08','1,2,3,4,5,6,7',0,86399,'extrasuper','Lj_1303','Nao'),('comercial','Vinhetas_Pontes','extrasuper - Vinhetas Voce Esta Ouvindo A Radio Extra c.mp3',8,'2016-05-08','2016-05-08','1,2,3,4,5,6,7',0,86399,'extrasuper','Lj_1303','Nao'),('comercial','Vinhetas_Pontes','extrasuper - Vinhetas Tambem Esta Na Internet c.mp3',9,'2016-05-08','2016-05-08','1,2,3,4,5,6,7',0,86399,'extrasuper','Lj_1303','Nao'),('comercial','Vinhetas_Pontes','extrasuper - Vinhetas Nao Perca Todos Os Dias Grandes Ofertas c.mp3',7,'2016-05-08','2016-05-08','1,2,3,4,5,6,7',0,86399,'extrasuper','Lj_1303','Nao'),('comercial','Saudacoes','extrasuper - Boas Vindas-02.mp3',16,'2016-06-02','2016-06-30','1,2,3,4,5,6,7',0,86399,'extrasuper','Lj_1303','Nao'),('comercial','Saudacoes','extrasuper - Boas Vindas-01.mp3',18,'2016-06-02','2016-06-30','1,2,3,4,5,6,7',0,86399,'extrasuper','Lj_1303','Nao'),('comercial','Saudacoes','extrasuper - Boas Vindas Junino.mp3',25,'2016-06-02','2016-06-30','1,2,3,4,5,6,7',0,86399,'extrasuper','Lj_1303','Nao'),('comercial','Promocoes','extrasuper - OF Nacional 10 e 1109-02.mp3',18,'2016-09-10','2016-09-11','1,2,3,4,5,6,7',0,86399,'extrasuper','Lj_1303','Nao'),('comercial','Promocoes','extrasuper - Festival Do Chocolate.mp3',25,'2016-08-19','2016-09-01','1,2,3,4,5,6,7',0,86399,'extrasuper','Lj_1303','Nao'),('comercial','Promocoes','extrasuper - OF Nacional 10 e 1109-01.mp3',18,'2016-09-10','2016-09-11','1,2,3,4,5,6,7',0,86399,'extrasuper','Lj_1303','Nao'),('comercial','Promocoes','extrasuper - E GOL.mp3',29,'2016-08-20','2016-08-21','1,2,3,4,5,6,7',0,86399,'extrasuper','Lj_1303','Nao'),('comercial','zz_locucao_preco','extrasuper - locucao 129 Reais.mp3',2,'2015-01-01','2038-01-01','1,2,3,4,5,6,7',0,86399,'extrasuper','Lj_1303','Nao'),('comercial','zz_locucao_preco','extrasuper - locucao 128 Reais.mp3',1,'2015-01-01','2038-01-01','1,2,3,4,5,6,7',0,86399,'extrasuper','Lj_1303','Nao'),('comercial','zz_locucao_preco','extrasuper - locucao 127 Reais.mp3',2,'2015-01-01','2038-01-01','1,2,3,4,5,6,7',0,86399,'extrasuper','Lj_1303','Nao'),('comercial','zz_locucao_preco','extrasuper - locucao 126 Reais.mp3',2,'2015-01-01','2038-01-01','1,2,3,4,5,6,7',0,86399,'extrasuper','Lj_1303','Nao'),('comercial','zz_locucao_preco','extrasuper - locucao 125 Reais.mp3',2,'2015-01-01','2038-01-01','1,2,3,4,5,6,7',0,86399,'extrasuper','Lj_1303','Nao'),('comercial','zz_locucao_preco','extrasuper - locucao 124 Reais.mp3',2,'2015-01-01','2038-01-01','1,2,3,4,5,6,7',0,86399,'extrasuper','Lj_1303','Nao'),('comercial','zz_locucao_preco','extrasuper - locucao 123 Reais.mp3',2,'2015-01-01','2038-01-01','1,2,3,4,5,6,7',0,86399,'extrasuper','Lj_1303','Nao'),('comercial','zz_locucao_preco','extrasuper - locucao 122 Reais.mp3',2,'2015-01-01','2038-01-01','1,2,3,4,5,6,7',0,86399,'extrasuper','Lj_1303','Nao'),('comercial','zz_locucao_preco','extrasuper - locucao 121 Reais.mp3',2,'2015-01-01','2038-01-01','1,2,3,4,5,6,7',0,86399,'extrasuper','Lj_1303','Nao'),('comercial','zz_locucao_preco','extrasuper - locucao 120 Reais.mp3',2,'2015-01-01','2038-01-01','1,2,3,4,5,6,7',0,86399,'extrasuper','Lj_1303','Nao'),('comercial','zz_locucao_parcelamento','extrasuper - locucao 12 vezes de.mp3',1,'2015-01-01','2038-01-01','1,2,3,4,5,6,7',0,86399,'extrasuper','Lj_1303','Nao'),('comercial','zz_locucao_preco','extrasuper - locucao 12 Reais.mp3',1,'2015-01-01','2038-01-01','1,2,3,4,5,6,7',0,86399,'extrasuper','Lj_1303','Nao'),('comercial','zz_locucao_preco','extrasuper - locucao 12 centavos_sem_e.mp3',1,'2015-01-01','2038-01-01','1,2,3,4,5,6,7',0,86399,'extrasuper','Lj_1303','Nao'),('comercial','zz_locucao_preco','extrasuper - locucao 12 centavos.mp3',2,'2015-01-01','2038-01-01','1,2,3,4,5,6,7',0,86399,'extrasuper','Lj_1303','Nao'),('comercial','zz_locucao_preco','extrasuper - locucao 119 Reais.mp3',2,'2015-01-01','2038-01-01','1,2,3,4,5,6,7',0,86399,'extrasuper','Lj_1303','Nao'),('comercial','zz_locucao_preco','extrasuper - locucao 118 Reais.mp3',2,'2015-01-01','2038-01-01','1,2,3,4,5,6,7',0,86399,'extrasuper','Lj_1303','Nao'),('comercial','zz_locucao_preco','extrasuper - locucao 117 Reais.mp3',2,'2015-01-01','2038-01-01','1,2,3,4,5,6,7',0,86399,'extrasuper','Lj_1303','Nao'),('comercial','zz_locucao_preco','extrasuper - locucao 116 Reais.mp3',2,'2015-01-01','2038-01-01','1,2,3,4,5,6,7',0,86399,'extrasuper','Lj_1303','Nao'),('comercial','zz_locucao_preco','extrasuper - locucao 115 Reais.mp3',2,'2015-01-01','2038-01-01','1,2,3,4,5,6,7',0,86399,'extrasuper','Lj_1303','Nao'),('comercial','zz_locucao_preco','extrasuper - locucao 114 Reais.mp3',2,'2015-01-01','2038-01-01','1,2,3,4,5,6,7',0,86399,'extrasuper','Lj_1303','Nao'),('comercial','zz_locucao_preco','extrasuper - locucao 113 Reais.mp3',2,'2015-01-01','2038-01-01','1,2,3,4,5,6,7',0,86399,'extrasuper','Lj_1303','Nao'),('comercial','zz_locucao_preco','extrasuper - locucao 112 Reais.mp3',2,'2015-01-01','2038-01-01','1,2,3,4,5,6,7',0,86399,'extrasuper','Lj_1303','Nao'),('comercial','zz_locucao_preco','extrasuper - locucao 111 Reais.mp3',1,'2015-01-01','2038-01-01','1,2,3,4,5,6,7',0,86399,'extrasuper','Lj_1303','Nao'),('comercial','zz_locucao_preco','extrasuper - locucao 110 Reais.mp3',1,'2015-01-01','2038-01-01','1,2,3,4,5,6,7',0,86399,'extrasuper','Lj_1303','Nao'),('comercial','zz_locucao_parcelamento','extrasuper - locucao 11 vezes de.mp3',1,'2015-01-01','2038-01-01','1,2,3,4,5,6,7',0,86399,'extrasuper','Lj_1303','Nao'),('comercial','zz_locucao_preco','extrasuper - locucao 11 Reais.mp3',1,'2015-01-01','2038-01-01','1,2,3,4,5,6,7',0,86399,'extrasuper','Lj_1303','Nao'),('comercial','zz_locucao_preco','extrasuper - locucao 11 centavos_sem_e.mp3',1,'2015-01-01','2038-01-01','1,2,3,4,5,6,7',0,86399,'extrasuper','Lj_1303','Nao'),('comercial','zz_locucao_preco','extrasuper - locucao 11 centavos.mp3',2,'2015-01-01','2038-01-01','1,2,3,4,5,6,7',0,86399,'extrasuper','Lj_1303','Nao'),('comercial','zz_locucao_preco','extrasuper - locucao 109 Reais.mp3',1,'2015-01-01','2038-01-01','1,2,3,4,5,6,7',0,86399,'extrasuper','Lj_1303','Nao'),('comercial','zz_locucao_preco','extrasuper - locucao 108 Reais.mp3',2,'2015-01-01','2038-01-01','1,2,3,4,5,6,7',0,86399,'extrasuper','Lj_1303','Nao'),('comercial','zz_locucao_preco','extrasuper - locucao 107 Reais.mp3',1,'2015-01-01','2038-01-01','1,2,3,4,5,6,7',0,86399,'extrasuper','Lj_1303','Nao'),('comercial','zz_locucao_preco','extrasuper - locucao 106 Reais.mp3',1,'2015-01-01','2038-01-01','1,2,3,4,5,6,7',0,86399,'extrasuper','Lj_1303','Nao'),('comercial','zz_locucao_preco','extrasuper - locucao 105 Reais.mp3',1,'2015-01-01','2038-01-01','1,2,3,4,5,6,7',0,86399,'extrasuper','Lj_1303','Nao'),('comercial','zz_locucao_preco','extrasuper - locucao 104 Reais.mp3',2,'2015-01-01','2038-01-01','1,2,3,4,5,6,7',0,86399,'extrasuper','Lj_1303','Nao'),('comercial','zz_locucao_preco','extrasuper - locucao 103 Reais.mp3',1,'2015-01-01','2038-01-01','1,2,3,4,5,6,7',0,86399,'extrasuper','Lj_1303','Nao'),('comercial','zz_locucao_preco','extrasuper - locucao 102 Reais.mp3',1,'2015-01-01','2038-01-01','1,2,3,4,5,6,7',0,86399,'extrasuper','Lj_1303','Nao'),('comercial','zz_locucao_preco','extrasuper - locucao 101 Reais.mp3',1,'2015-01-01','2038-01-01','1,2,3,4,5,6,7',0,86399,'extrasuper','Lj_1303','Nao'),('comercial','zz_locucao_preco','extrasuper - locucao 100 Reais.mp3',1,'2015-01-01','2038-01-01','1,2,3,4,5,6,7',0,86399,'extrasuper','Lj_1303','Nao'),('comercial','zz_locucao_parcelamento','extrasuper - locucao 10 vezes de.mp3',1,'2015-01-01','2038-01-01','1,2,3,4,5,6,7',0,86399,'extrasuper','Lj_1303','Nao'),('comercial','zz_locucao_preco','extrasuper - locucao 10 Reais.mp3',1,'2015-01-01','2038-01-01','1,2,3,4,5,6,7',0,86399,'extrasuper','Lj_1303','Nao'),('comercial','zz_locucao_preco','extrasuper - locucao 10 centavos_sem_e.mp3',1,'2015-01-01','2038-01-01','1,2,3,4,5,6,7',0,86399,'extrasuper','Lj_1303','Nao'),('comercial','zz_locucao_preco','extrasuper - locucao 10 centavos.mp3',2,'2015-01-01','2038-01-01','1,2,3,4,5,6,7',0,86399,'extrasuper','Lj_1303','Nao'),('comercial','zz_locucao_preco','extrasuper - locucao 1 Real.mp3',0,'2015-01-01','2038-01-01','1,2,3,4,5,6,7',0,86399,'extrasuper','Lj_1303','Nao'),('comercial','zz_locucao_preco','extrasuper - locucao 1 centavo.mp3',1,'2015-01-01','2038-01-01','1,2,3,4,5,6,7',0,86399,'extrasuper','Lj_1303','Nao'),('comercial','zz_locucao_preco','extrasuper - locucao 159 Reais.mp3',2,'2015-01-01','2038-01-01','1,2,3,4,5,6,7',0,86399,'extrasuper','Lj_1303','Nao'),('comercial','zz_locucao_preco','extrasuper - locucao 158 Reais.mp3',2,'2015-01-01','2038-01-01','1,2,3,4,5,6,7',0,86399,'extrasuper','Lj_1303','Nao'),('comercial','zz_locucao_preco','extrasuper - locucao 157 Reais.mp3',2,'2015-01-01','2038-01-01','1,2,3,4,5,6,7',0,86399,'extrasuper','Lj_1303','Nao'),('comercial','zz_locucao_preco','extrasuper - locucao 156 Reais.mp3',2,'2015-01-01','2038-01-01','1,2,3,4,5,6,7',0,86399,'extrasuper','Lj_1303','Nao'),('comercial','zz_locucao_preco','extrasuper - locucao 155 Reais.mp3',2,'2015-01-01','2038-01-01','1,2,3,4,5,6,7',0,86399,'extrasuper','Lj_1303','Nao'),('comercial','zz_locucao_preco','extrasuper - locucao 154 Reais.mp3',2,'2015-01-01','2038-01-01','1,2,3,4,5,6,7',0,86399,'extrasuper','Lj_1303','Nao'),('comercial','zz_locucao_preco','extrasuper - locucao 153 Reais.mp3',2,'2015-01-01','2038-01-01','1,2,3,4,5,6,7',0,86399,'extrasuper','Lj_1303','Nao'),('comercial','zz_locucao_preco','extrasuper - locucao 152 Reais.mp3',2,'2015-01-01','2038-01-01','1,2,3,4,5,6,7',0,86399,'extrasuper','Lj_1303','Nao'),('comercial','zz_locucao_preco','extrasuper - locucao 151 Reais.mp3',2,'2015-01-01','2038-01-01','1,2,3,4,5,6,7',0,86399,'extrasuper','Lj_1303','Nao'),('comercial','zz_locucao_preco','extrasuper - locucao 150 Reais.mp3',2,'2015-01-01','2038-01-01','1,2,3,4,5,6,7',0,86399,'extrasuper','Lj_1303','Nao'),('comercial','zz_locucao_parcelamento','extrasuper - locucao 15 vezes de.mp3',1,'2015-01-01','2038-01-01','1,2,3,4,5,6,7',0,86399,'extrasuper','Lj_1303','Nao'),('comercial','zz_locucao_preco','extrasuper - locucao 15 Reais.mp3',1,'2015-01-01','2038-01-01','1,2,3,4,5,6,7',0,86399,'extrasuper','Lj_1303','Nao'),('comercial','zz_locucao_preco','extrasuper - locucao 15 centavos_sem_e.mp3',1,'2015-01-01','2038-01-01','1,2,3,4,5,6,7',0,86399,'extrasuper','Lj_1303','Nao'),('comercial','zz_locucao_preco','extrasuper - locucao 15 centavos.mp3',2,'2015-01-01','2038-01-01','1,2,3,4,5,6,7',0,86399,'extrasuper','Lj_1303','Nao'),('comercial','zz_locucao_preco','extrasuper - locucao 149 Reais.mp3',2,'2015-01-01','2038-01-01','1,2,3,4,5,6,7',0,86399,'extrasuper','Lj_1303','Nao'),('comercial','zz_locucao_preco','extrasuper - locucao 148 Reais.mp3',2,'2015-01-01','2038-01-01','1,2,3,4,5,6,7',0,86399,'extrasuper','Lj_1303','Nao'),('comercial','zz_locucao_preco','extrasuper - locucao 147 Reais.mp3',2,'2015-01-01','2038-01-01','1,2,3,4,5,6,7',0,86399,'extrasuper','Lj_1303','Nao'),('comercial','zz_locucao_preco','extrasuper - locucao 146 Reais.mp3',2,'2015-01-01','2038-01-01','1,2,3,4,5,6,7',0,86399,'extrasuper','Lj_1303','Nao'),('comercial','zz_locucao_preco','extrasuper - locucao 145 Reais.mp3',2,'2015-01-01','2038-01-01','1,2,3,4,5,6,7',0,86399,'extrasuper','Lj_1303','Nao'),('comercial','zz_locucao_preco','extrasuper - locucao 144 Reais.mp3',2,'2015-01-01','2038-01-01','1,2,3,4,5,6,7',0,86399,'extrasuper','Lj_1303','Nao'),('comercial','zz_locucao_preco','extrasuper - locucao 143 Reais.mp3',2,'2015-01-01','2038-01-01','1,2,3,4,5,6,7',0,86399,'extrasuper','Lj_1303','Nao'),('comercial','zz_locucao_preco','extrasuper - locucao 142 Reais.mp3',2,'2015-01-01','2038-01-01','1,2,3,4,5,6,7',0,86399,'extrasuper','Lj_1303','Nao'),('comercial','zz_locucao_preco','extrasuper - locucao 141 Reais.mp3',2,'2015-01-01','2038-01-01','1,2,3,4,5,6,7',0,86399,'extrasuper','Lj_1303','Nao'),('comercial','zz_locucao_preco','extrasuper - locucao 140 Reais.mp3',2,'2015-01-01','2038-01-01','1,2,3,4,5,6,7',0,86399,'extrasuper','Lj_1303','Nao'),('comercial','zz_locucao_parcelamento','extrasuper - locucao 14 vezes de.mp3',1,'2015-01-01','2038-01-01','1,2,3,4,5,6,7',0,86399,'extrasuper','Lj_1303','Nao'),('comercial','zz_locucao_preco','extrasuper - locucao 14 Reais.mp3',1,'2015-01-01','2038-01-01','1,2,3,4,5,6,7',0,86399,'extrasuper','Lj_1303','Nao'),('comercial','zz_locucao_preco','extrasuper - locucao 14 centavos_sem_e.mp3',1,'2015-01-01','2038-01-01','1,2,3,4,5,6,7',0,86399,'extrasuper','Lj_1303','Nao'),('comercial','zz_locucao_preco','extrasuper - locucao 14 centavos.mp3',2,'2015-01-01','2038-01-01','1,2,3,4,5,6,7',0,86399,'extrasuper','Lj_1303','Nao'),('comercial','zz_locucao_preco','extrasuper - locucao 139 Reais.mp3',2,'2015-01-01','2038-01-01','1,2,3,4,5,6,7',0,86399,'extrasuper','Lj_1303','Nao'),('comercial','zz_locucao_preco','extrasuper - locucao 138 Reais.mp3',2,'2015-01-01','2038-01-01','1,2,3,4,5,6,7',0,86399,'extrasuper','Lj_1303','Nao'),('comercial','zz_locucao_preco','extrasuper - locucao 137 Reais.mp3',2,'2015-01-01','2038-01-01','1,2,3,4,5,6,7',0,86399,'extrasuper','Lj_1303','Nao'),('comercial','zz_locucao_preco','extrasuper - locucao 136 Reais.mp3',2,'2015-01-01','2038-01-01','1,2,3,4,5,6,7',0,86399,'extrasuper','Lj_1303','Nao'),('comercial','zz_locucao_preco','extrasuper - locucao 135 Reais.mp3',2,'2015-01-01','2038-01-01','1,2,3,4,5,6,7',0,86399,'extrasuper','Lj_1303','Nao'),('comercial','zz_locucao_preco','extrasuper - locucao 134 Reais.mp3',2,'2015-01-01','2038-01-01','1,2,3,4,5,6,7',0,86399,'extrasuper','Lj_1303','Nao'),('comercial','zz_locucao_preco','extrasuper - locucao 133 Reais.mp3',2,'2015-01-01','2038-01-01','1,2,3,4,5,6,7',0,86399,'extrasuper','Lj_1303','Nao'),('comercial','zz_locucao_preco','extrasuper - locucao 132 Reais.mp3',2,'2015-01-01','2038-01-01','1,2,3,4,5,6,7',0,86399,'extrasuper','Lj_1303','Nao'),('comercial','zz_locucao_preco','extrasuper - locucao 131 Reais.mp3',2,'2015-01-01','2038-01-01','1,2,3,4,5,6,7',0,86399,'extrasuper','Lj_1303','Nao'),('comercial','zz_locucao_preco','extrasuper - locucao 130 Reais.mp3',1,'2015-01-01','2038-01-01','1,2,3,4,5,6,7',0,86399,'extrasuper','Lj_1303','Nao'),('comercial','zz_locucao_parcelamento','extrasuper - locucao 13 vezes de.mp3',1,'2015-01-01','2038-01-01','1,2,3,4,5,6,7',0,86399,'extrasuper','Lj_1303','Nao'),('comercial','zz_locucao_preco','extrasuper - locucao 13 Reais.mp3',1,'2015-01-01','2038-01-01','1,2,3,4,5,6,7',0,86399,'extrasuper','Lj_1303','Nao'),('comercial','zz_locucao_preco','extrasuper - locucao 13 centavos_sem_e.mp3',1,'2015-01-01','2038-01-01','1,2,3,4,5,6,7',0,86399,'extrasuper','Lj_1303','Nao'),('comercial','zz_locucao_preco','extrasuper - locucao 13 centavos.mp3',2,'2015-01-01','2038-01-01','1,2,3,4,5,6,7',0,86399,'extrasuper','Lj_1303','Nao'),('comercial','zz_locucao_parcelamento','extrasuper - locucao 29 vezes de.mp3',1,'2015-01-01','2038-01-01','1,2,3,4,5,6,7',0,86399,'extrasuper','Lj_1303','Nao'),('comercial','zz_locucao_preco','extrasuper - locucao 29 Reais.mp3',1,'2015-01-01','2038-01-01','1,2,3,4,5,6,7',0,86399,'extrasuper','Lj_1303','Nao'),('comercial','zz_locucao_preco','extrasuper - locucao 29 centavos_sem_e.mp3',2,'2015-01-01','2038-01-01','1,2,3,4,5,6,7',0,86399,'extrasuper','Lj_1303','Nao'),('comercial','zz_locucao_preco','extrasuper - locucao 29 centavos.mp3',2,'2015-01-01','2038-01-01','1,2,3,4,5,6,7',0,86399,'extrasuper','Lj_1303','Nao'),('comercial','zz_locucao_parcelamento','extrasuper - locucao 28 vezes de.mp3',1,'2015-01-01','2038-01-01','1,2,3,4,5,6,7',0,86399,'extrasuper','Lj_1303','Nao'),('comercial','zz_locucao_preco','extrasuper - locucao 28 Reais.mp3',2,'2015-01-01','2038-01-01','1,2,3,4,5,6,7',0,86399,'extrasuper','Lj_1303','Nao'),('comercial','zz_locucao_preco','extrasuper - locucao 28 centavos_sem_e.mp3',1,'2015-01-01','2038-01-01','1,2,3,4,5,6,7',0,86399,'extrasuper','Lj_1303','Nao'),('comercial','zz_locucao_preco','extrasuper - locucao 28 centavos.mp3',2,'2015-01-01','2038-01-01','1,2,3,4,5,6,7',0,86399,'extrasuper','Lj_1303','Nao'),('comercial','zz_locucao_parcelamento','extrasuper - locucao 27 vezes de.mp3',1,'2015-01-01','2038-01-01','1,2,3,4,5,6,7',0,86399,'extrasuper','Lj_1303','Nao'),('comercial','zz_locucao_preco','extrasuper - locucao 27 Reais.mp3',1,'2015-01-01','2038-01-01','1,2,3,4,5,6,7',0,86399,'extrasuper','Lj_1303','Nao'),('comercial','zz_locucao_preco','extrasuper - locucao 27 centavos_sem_e.mp3',1,'2015-01-01','2038-01-01','1,2,3,4,5,6,7',0,86399,'extrasuper','Lj_1303','Nao'),('comercial','zz_locucao_preco','extrasuper - locucao 27 centavos.mp3',2,'2015-01-01','2038-01-01','1,2,3,4,5,6,7',0,86399,'extrasuper','Lj_1303','Nao'),('comercial','zz_locucao_parcelamento','extrasuper - locucao 26 vezes de.mp3',1,'2015-01-01','2038-01-01','1,2,3,4,5,6,7',0,86399,'extrasuper','Lj_1303','Nao'),('comercial','zz_locucao_preco','extrasuper - locucao 26 Reais.mp3',1,'2015-01-01','2038-01-01','1,2,3,4,5,6,7',0,86399,'extrasuper','Lj_1303','Nao'),('comercial','zz_locucao_preco','extrasuper - locucao 26 centavos_sem_e.mp3',1,'2015-01-01','2038-01-01','1,2,3,4,5,6,7',0,86399,'extrasuper','Lj_1303','Nao'),('comercial','zz_locucao_preco','extrasuper - locucao 26 centavos.mp3',2,'2015-01-01','2038-01-01','1,2,3,4,5,6,7',0,86399,'extrasuper','Lj_1303','Nao'),('comercial','zz_locucao_parcelamento','extrasuper - locucao 25 vezes de.mp3',1,'2015-01-01','2038-01-01','1,2,3,4,5,6,7',0,86399,'extrasuper','Lj_1303','Nao'),('comercial','zz_locucao_preco','extrasuper - locucao 25 Reais.mp3',1,'2015-01-01','2038-01-01','1,2,3,4,5,6,7',0,86399,'extrasuper','Lj_1303','Nao'),('comercial','zz_locucao_preco','extrasuper - locucao 25 centavos_sem_e.mp3',1,'2015-01-01','2038-01-01','1,2,3,4,5,6,7',0,86399,'extrasuper','Lj_1303','Nao'),('comercial','zz_locucao_preco','extrasuper - locucao 25 centavos.mp3',2,'2015-01-01','2038-01-01','1,2,3,4,5,6,7',0,86399,'extrasuper','Lj_1303','Nao'),('comercial','zz_locucao_parcelamento','extrasuper - locucao 24 vezes de.mp3',2,'2015-01-01','2038-01-01','1,2,3,4,5,6,7',0,86399,'extrasuper','Lj_1303','Nao'),('comercial','zz_locucao_preco','extrasuper - locucao 24 Reais.mp3',1,'2015-01-01','2038-01-01','1,2,3,4,5,6,7',0,86399,'extrasuper','Lj_1303','Nao'),('comercial','zz_locucao_preco','extrasuper - locucao 24 centavos_sem_e.mp3',1,'2015-01-01','2038-01-01','1,2,3,4,5,6,7',0,86399,'extrasuper','Lj_1303','Nao'),('comercial','zz_locucao_preco','extrasuper - locucao 24 centavos.mp3',2,'2015-01-01','2038-01-01','1,2,3,4,5,6,7',0,86399,'extrasuper','Lj_1303','Nao'),('comercial','zz_locucao_parcelamento','extrasuper - locucao 23 vezes de.mp3',1,'2015-01-01','2038-01-01','1,2,3,4,5,6,7',0,86399,'extrasuper','Lj_1303','Nao'),('comercial','zz_locucao_preco','extrasuper - locucao 23 Reais.mp3',1,'2015-01-01','2038-01-01','1,2,3,4,5,6,7',0,86399,'extrasuper','Lj_1303','Nao'),('comercial','zz_locucao_preco','extrasuper - locucao 23 centavos_sem_e.mp3',1,'2015-01-01','2038-01-01','1,2,3,4,5,6,7',0,86399,'extrasuper','Lj_1303','Nao'),('comercial','zz_locucao_preco','extrasuper - locucao 23 centavos.mp3',2,'2015-01-01','2038-01-01','1,2,3,4,5,6,7',0,86399,'extrasuper','Lj_1303','Nao'),('comercial','zz_locucao_parcelamento','extrasuper - locucao 22 vezes de.mp3',1,'2015-01-01','2038-01-01','1,2,3,4,5,6,7',0,86399,'extrasuper','Lj_1303','Nao'),('comercial','zz_locucao_preco','extrasuper - locucao 22 Reais.mp3',1,'2015-01-01','2038-01-01','1,2,3,4,5,6,7',0,86399,'extrasuper','Lj_1303','Nao'),('comercial','zz_locucao_preco','extrasuper - locucao 22 centavos_sem_e.mp3',1,'2015-01-01','2038-01-01','1,2,3,4,5,6,7',0,86399,'extrasuper','Lj_1303','Nao'),('comercial','zz_locucao_preco','extrasuper - locucao 22 centavos.mp3',2,'2015-01-01','2038-01-01','1,2,3,4,5,6,7',0,86399,'extrasuper','Lj_1303','Nao'),('comercial','zz_locucao_parcelamento','extrasuper - locucao 21 vezes de.mp3',1,'2015-01-01','2038-01-01','1,2,3,4,5,6,7',0,86399,'extrasuper','Lj_1303','Nao'),('comercial','zz_locucao_preco','extrasuper - locucao 21 Reais.mp3',1,'2015-01-01','2038-01-01','1,2,3,4,5,6,7',0,86399,'extrasuper','Lj_1303','Nao'),('comercial','zz_locucao_preco','extrasuper - locucao 21 centavos_sem_e.mp3',1,'2015-01-01','2038-01-01','1,2,3,4,5,6,7',0,86399,'extrasuper','Lj_1303','Nao'),('comercial','zz_locucao_preco','extrasuper - locucao 21 centavos.mp3',2,'2015-01-01','2038-01-01','1,2,3,4,5,6,7',0,86399,'extrasuper','Lj_1303','Nao'),('comercial','zz_locucao_preco','extrasuper - locucao 205 Reais.mp3',1,'2015-01-01','2038-01-01','1,2,3,4,5,6,7',0,86399,'extrasuper','Lj_1303','Nao'),('comercial','zz_locucao_preco','extrasuper - locucao 204 Reais.mp3',1,'2015-01-01','2038-01-01','1,2,3,4,5,6,7',0,86399,'extrasuper','Lj_1303','Nao'),('comercial','zz_locucao_preco','extrasuper - locucao 203 Reais.mp3',1,'2015-01-01','2038-01-01','1,2,3,4,5,6,7',0,86399,'extrasuper','Lj_1303','Nao'),('comercial','zz_locucao_preco','extrasuper - locucao 202 Reais.mp3',1,'2015-01-01','2038-01-01','1,2,3,4,5,6,7',0,86399,'extrasuper','Lj_1303','Nao'),('comercial','zz_locucao_preco','extrasuper - locucao 201 Reais.mp3',1,'2015-01-01','2038-01-01','1,2,3,4,5,6,7',0,86399,'extrasuper','Lj_1303','Nao'),('comercial','zz_locucao_preco','extrasuper - locucao 200 Reais.mp3',1,'2015-01-01','2038-01-01','1,2,3,4,5,6,7',0,86399,'extrasuper','Lj_1303','Nao'),('comercial','zz_locucao_parcelamento','extrasuper - locucao 20 vezes de.mp3',1,'2015-01-01','2038-01-01','1,2,3,4,5,6,7',0,86399,'extrasuper','Lj_1303','Nao'),('comercial','zz_locucao_preco','extrasuper - locucao 20 Reais.mp3',1,'2015-01-01','2038-01-01','1,2,3,4,5,6,7',0,86399,'extrasuper','Lj_1303','Nao'),('comercial','zz_locucao_preco','extrasuper - locucao 20 centavos_sem_e.mp3',1,'2015-01-01','2038-01-01','1,2,3,4,5,6,7',0,86399,'extrasuper','Lj_1303','Nao'),('comercial','zz_locucao_preco','extrasuper - locucao 20 centavos.mp3',1,'2015-01-01','2038-01-01','1,2,3,4,5,6,7',0,86399,'extrasuper','Lj_1303','Nao'),('comercial','zz_locucao_parcelamento','extrasuper - locucao 2 vezes de.mp3',1,'2015-01-01','2038-01-01','1,2,3,4,5,6,7',0,86399,'extrasuper','Lj_1303','Nao'),('comercial','zz_locucao_preco','extrasuper - locucao 2 Reais.mp3',1,'2015-01-01','2038-01-01','1,2,3,4,5,6,7',0,86399,'extrasuper','Lj_1303','Nao'),('comercial','zz_locucao_preco','extrasuper - locucao 2 centavos_sem_e.mp3',1,'2015-01-01','2038-01-01','1,2,3,4,5,6,7',0,86399,'extrasuper','Lj_1303','Nao'),('comercial','zz_locucao_preco','extrasuper - locucao 2 centavos.mp3',1,'2015-01-01','2038-01-01','1,2,3,4,5,6,7',0,86399,'extrasuper','Lj_1303','Nao'),('comercial','zz_locucao_preco','extrasuper - locucao 199 Reais.mp3',2,'2015-01-01','2038-01-01','1,2,3,4,5,6,7',0,86399,'extrasuper','Lj_1303','Nao'),('comercial','zz_locucao_preco','extrasuper - locucao 198 Reais.mp3',2,'2015-01-01','2038-01-01','1,2,3,4,5,6,7',0,86399,'extrasuper','Lj_1303','Nao'),('comercial','zz_locucao_preco','extrasuper - locucao 197 Reais.mp3',2,'2015-01-01','2038-01-01','1,2,3,4,5,6,7',0,86399,'extrasuper','Lj_1303','Nao'),('comercial','zz_locucao_preco','extrasuper - locucao 196 Reais.mp3',2,'2015-01-01','2038-01-01','1,2,3,4,5,6,7',0,86399,'extrasuper','Lj_1303','Nao'),('comercial','zz_locucao_preco','extrasuper - locucao 195 Reais.mp3',2,'2015-01-01','2038-01-01','1,2,3,4,5,6,7',0,86399,'extrasuper','Lj_1303','Nao'),('comercial','zz_locucao_preco','extrasuper - locucao 194 Reais.mp3',2,'2015-01-01','2038-01-01','1,2,3,4,5,6,7',0,86399,'extrasuper','Lj_1303','Nao'),('comercial','zz_locucao_preco','extrasuper - locucao 193 Reais.mp3',2,'2015-01-01','2038-01-01','1,2,3,4,5,6,7',0,86399,'extrasuper','Lj_1303','Nao'),('comercial','zz_locucao_preco','extrasuper - locucao 192 Reais.mp3',2,'2015-01-01','2038-01-01','1,2,3,4,5,6,7',0,86399,'extrasuper','Lj_1303','Nao'),('comercial','zz_locucao_preco','extrasuper - locucao 191 Reais.mp3',2,'2015-01-01','2038-01-01','1,2,3,4,5,6,7',0,86399,'extrasuper','Lj_1303','Nao'),('comercial','zz_locucao_preco','extrasuper - locucao 190 Reais.mp3',2,'2015-01-01','2038-01-01','1,2,3,4,5,6,7',0,86399,'extrasuper','Lj_1303','Nao'),('comercial','zz_locucao_parcelamento','extrasuper - locucao 19 vezes de.mp3',1,'2015-01-01','2038-01-01','1,2,3,4,5,6,7',0,86399,'extrasuper','Lj_1303','Nao'),('comercial','zz_locucao_preco','extrasuper - locucao 19 Reais.mp3',1,'2015-01-01','2038-01-01','1,2,3,4,5,6,7',0,86399,'extrasuper','Lj_1303','Nao'),('comercial','zz_locucao_preco','extrasuper - locucao 19 centavos_sem_e.mp3',1,'2015-01-01','2038-01-01','1,2,3,4,5,6,7',0,86399,'extrasuper','Lj_1303','Nao'),('comercial','zz_locucao_preco','extrasuper - locucao 19 centavos.mp3',2,'2015-01-01','2038-01-01','1,2,3,4,5,6,7',0,86399,'extrasuper','Lj_1303','Nao'),('comercial','zz_locucao_preco','extrasuper - locucao 189 Reais.mp3',2,'2015-01-01','2038-01-01','1,2,3,4,5,6,7',0,86399,'extrasuper','Lj_1303','Nao'),('comercial','zz_locucao_preco','extrasuper - locucao 188 Reais.mp3',2,'2015-01-01','2038-01-01','1,2,3,4,5,6,7',0,86399,'extrasuper','Lj_1303','Nao'),('comercial','zz_locucao_preco','extrasuper - locucao 187 Reais.mp3',2,'2015-01-01','2038-01-01','1,2,3,4,5,6,7',0,86399,'extrasuper','Lj_1303','Nao'),('comercial','zz_locucao_preco','extrasuper - locucao 186 Reais.mp3',2,'2015-01-01','2038-01-01','1,2,3,4,5,6,7',0,86399,'extrasuper','Lj_1303','Nao'),('comercial','zz_locucao_preco','extrasuper - locucao 185 Reais.mp3',2,'2015-01-01','2038-01-01','1,2,3,4,5,6,7',0,86399,'extrasuper','Lj_1303','Nao'),('comercial','zz_locucao_preco','extrasuper - locucao 184 Reais.mp3',2,'2015-01-01','2038-01-01','1,2,3,4,5,6,7',0,86399,'extrasuper','Lj_1303','Nao'),('comercial','zz_locucao_preco','extrasuper - locucao 183 Reais.mp3',2,'2015-01-01','2038-01-01','1,2,3,4,5,6,7',0,86399,'extrasuper','Lj_1303','Nao'),('comercial','zz_locucao_preco','extrasuper - locucao 182 Reais.mp3',2,'2015-01-01','2038-01-01','1,2,3,4,5,6,7',0,86399,'extrasuper','Lj_1303','Nao'),('comercial','zz_locucao_preco','extrasuper - locucao 181 Reais.mp3',2,'2015-01-01','2038-01-01','1,2,3,4,5,6,7',0,86399,'extrasuper','Lj_1303','Nao'),('comercial','zz_locucao_preco','extrasuper - locucao 180 Reais.mp3',2,'2015-01-01','2038-01-01','1,2,3,4,5,6,7',0,86399,'extrasuper','Lj_1303','Nao'),('comercial','zz_locucao_parcelamento','extrasuper - locucao 18 vezes de.mp3',1,'2015-01-01','2038-01-01','1,2,3,4,5,6,7',0,86399,'extrasuper','Lj_1303','Nao'),('comercial','zz_locucao_preco','extrasuper - locucao 18 Reais.mp3',1,'2015-01-01','2038-01-01','1,2,3,4,5,6,7',0,86399,'extrasuper','Lj_1303','Nao'),('comercial','zz_locucao_preco','extrasuper - locucao 18 centavos_sem_e.mp3',1,'2015-01-01','2038-01-01','1,2,3,4,5,6,7',0,86399,'extrasuper','Lj_1303','Nao'),('comercial','zz_locucao_preco','extrasuper - locucao 18 centavos.mp3',2,'2015-01-01','2038-01-01','1,2,3,4,5,6,7',0,86399,'extrasuper','Lj_1303','Nao'),('comercial','zz_locucao_preco','extrasuper - locucao 179 Reais.mp3',2,'2015-01-01','2038-01-01','1,2,3,4,5,6,7',0,86399,'extrasuper','Lj_1303','Nao'),('comercial','zz_locucao_preco','extrasuper - locucao 178 Reais.mp3',2,'2015-01-01','2038-01-01','1,2,3,4,5,6,7',0,86399,'extrasuper','Lj_1303','Nao'),('comercial','zz_locucao_preco','extrasuper - locucao 177 Reais.mp3',2,'2015-01-01','2038-01-01','1,2,3,4,5,6,7',0,86399,'extrasuper','Lj_1303','Nao'),('comercial','zz_locucao_preco','extrasuper - locucao 176 Reais.mp3',2,'2015-01-01','2038-01-01','1,2,3,4,5,6,7',0,86399,'extrasuper','Lj_1303','Nao'),('comercial','zz_locucao_preco','extrasuper - locucao 175 Reais.mp3',2,'2015-01-01','2038-01-01','1,2,3,4,5,6,7',0,86399,'extrasuper','Lj_1303','Nao'),('comercial','zz_locucao_preco','extrasuper - locucao 174 Reais.mp3',2,'2015-01-01','2038-01-01','1,2,3,4,5,6,7',0,86399,'extrasuper','Lj_1303','Nao'),('comercial','zz_locucao_preco','extrasuper - locucao 173 Reais.mp3',2,'2015-01-01','2038-01-01','1,2,3,4,5,6,7',0,86399,'extrasuper','Lj_1303','Nao'),('comercial','zz_locucao_preco','extrasuper - locucao 172 Reais.mp3',2,'2015-01-01','2038-01-01','1,2,3,4,5,6,7',0,86399,'extrasuper','Lj_1303','Nao'),('comercial','zz_locucao_preco','extrasuper - locucao 171 Reais.mp3',2,'2015-01-01','2038-01-01','1,2,3,4,5,6,7',0,86399,'extrasuper','Lj_1303','Nao'),('comercial','zz_locucao_preco','extrasuper - locucao 170 Reais.mp3',2,'2015-01-01','2038-01-01','1,2,3,4,5,6,7',0,86399,'extrasuper','Lj_1303','Nao'),('comercial','zz_locucao_parcelamento','extrasuper - locucao 17 vezes de.mp3',1,'2015-01-01','2038-01-01','1,2,3,4,5,6,7',0,86399,'extrasuper','Lj_1303','Nao'),('comercial','zz_locucao_preco','extrasuper - locucao 17 Reais.mp3',1,'2015-01-01','2038-01-01','1,2,3,4,5,6,7',0,86399,'extrasuper','Lj_1303','Nao'),('comercial','zz_locucao_preco','extrasuper - locucao 17 centavos_sem_e.mp3',1,'2015-01-01','2038-01-01','1,2,3,4,5,6,7',0,86399,'extrasuper','Lj_1303','Nao'),('comercial','zz_locucao_preco','extrasuper - locucao 17 centavos.mp3',2,'2015-01-01','2038-01-01','1,2,3,4,5,6,7',0,86399,'extrasuper','Lj_1303','Nao'),('comercial','zz_locucao_preco','extrasuper - locucao 169 Reais.mp3',2,'2015-01-01','2038-01-01','1,2,3,4,5,6,7',0,86399,'extrasuper','Lj_1303','Nao'),('comercial','zz_locucao_preco','extrasuper - locucao 168 Reais.mp3',2,'2015-01-01','2038-01-01','1,2,3,4,5,6,7',0,86399,'extrasuper','Lj_1303','Nao'),('comercial','zz_locucao_preco','extrasuper - locucao 167 Reais.mp3',2,'2015-01-01','2038-01-01','1,2,3,4,5,6,7',0,86399,'extrasuper','Lj_1303','Nao'),('comercial','zz_locucao_preco','extrasuper - locucao 166 Reais.mp3',2,'2015-01-01','2038-01-01','1,2,3,4,5,6,7',0,86399,'extrasuper','Lj_1303','Nao'),('comercial','zz_locucao_preco','extrasuper - locucao 165 Reais.mp3',2,'2015-01-01','2038-01-01','1,2,3,4,5,6,7',0,86399,'extrasuper','Lj_1303','Nao'),('comercial','zz_locucao_preco','extrasuper - locucao 164 Reais.mp3',2,'2015-01-01','2038-01-01','1,2,3,4,5,6,7',0,86399,'extrasuper','Lj_1303','Nao'),('comercial','zz_locucao_preco','extrasuper - locucao 163 Reais.mp3',2,'2015-01-01','2038-01-01','1,2,3,4,5,6,7',0,86399,'extrasuper','Lj_1303','Nao'),('comercial','zz_locucao_preco','extrasuper - locucao 162 Reais.mp3',2,'2015-01-01','2038-01-01','1,2,3,4,5,6,7',0,86399,'extrasuper','Lj_1303','Nao'),('comercial','zz_locucao_preco','extrasuper - locucao 161 Reais.mp3',2,'2015-01-01','2038-01-01','1,2,3,4,5,6,7',0,86399,'extrasuper','Lj_1303','Nao'),('comercial','zz_locucao_preco','extrasuper - locucao 160 Reais.mp3',1,'2015-01-01','2038-01-01','1,2,3,4,5,6,7',0,86399,'extrasuper','Lj_1303','Nao'),('comercial','zz_locucao_parcelamento','extrasuper - locucao 16 vezes de.mp3',1,'2015-01-01','2038-01-01','1,2,3,4,5,6,7',0,86399,'extrasuper','Lj_1303','Nao'),('comercial','zz_locucao_preco','extrasuper - locucao 16 Reais.mp3',1,'2015-01-01','2038-01-01','1,2,3,4,5,6,7',0,86399,'extrasuper','Lj_1303','Nao'),('comercial','zz_locucao_preco','extrasuper - locucao 16 centavos_sem_e.mp3',1,'2015-01-01','2038-01-01','1,2,3,4,5,6,7',0,86399,'extrasuper','Lj_1303','Nao'),('comercial','zz_locucao_preco','extrasuper - locucao 16 centavos.mp3',2,'2015-01-01','2038-01-01','1,2,3,4,5,6,7',0,86399,'extrasuper','Lj_1303','Nao'),('comercial','zz_locucao_preco','extrasuper - locucao 69 Reais.mp3',2,'2015-01-01','2038-01-01','1,2,3,4,5,6,7',0,86399,'extrasuper','Lj_1303','Nao'),('comercial','zz_locucao_preco','extrasuper - locucao 69 centavos_sem_e.mp3',2,'2015-01-01','2038-01-01','1,2,3,4,5,6,7',0,86399,'extrasuper','Lj_1303','Nao'),('comercial','zz_locucao_preco','extrasuper - locucao 69 centavos.mp3',3,'2015-01-01','2038-01-01','1,2,3,4,5,6,7',0,86399,'extrasuper','Lj_1303','Nao'),('comercial','zz_locucao_preco','extrasuper - locucao 68 Reais.mp3',2,'2015-01-01','2038-01-01','1,2,3,4,5,6,7',0,86399,'extrasuper','Lj_1303','Nao'),('comercial','zz_locucao_preco','extrasuper - locucao 68 centavos_sem_e.mp3',2,'2015-01-01','2038-01-01','1,2,3,4,5,6,7',0,86399,'extrasuper','Lj_1303','Nao'),('comercial','zz_locucao_preco','extrasuper - locucao 68 centavos.mp3',3,'2015-01-01','2038-01-01','1,2,3,4,5,6,7',0,86399,'extrasuper','Lj_1303','Nao'),('comercial','zz_locucao_preco','extrasuper - locucao 67 Reais.mp3',2,'2015-01-01','2038-01-01','1,2,3,4,5,6,7',0,86399,'extrasuper','Lj_1303','Nao'),('comercial','zz_locucao_preco','extrasuper - locucao 67 centavos_sem_e.mp3',2,'2015-01-01','2038-01-01','1,2,3,4,5,6,7',0,86399,'extrasuper','Lj_1303','Nao'),('comercial','zz_locucao_preco','extrasuper - locucao 67 centavos.mp3',2,'2015-01-01','2038-01-01','1,2,3,4,5,6,7',0,86399,'extrasuper','Lj_1303','Nao'),('comercial','zz_locucao_preco','extrasuper - locucao 66 Reais.mp3',2,'2015-01-01','2038-01-01','1,2,3,4,5,6,7',0,86399,'extrasuper','Lj_1303','Nao'),('comercial','zz_locucao_preco','extrasuper - locucao 66 centavos_sem_e.mp3',1,'2015-01-01','2038-01-01','1,2,3,4,5,6,7',0,86399,'extrasuper','Lj_1303','Nao'),('comercial','zz_locucao_preco','extrasuper - locucao 66 centavos.mp3',3,'2015-01-01','2038-01-01','1,2,3,4,5,6,7',0,86399,'extrasuper','Lj_1303','Nao'),('comercial','zz_locucao_preco','extrasuper - locucao 65 Reais.mp3',2,'2015-01-01','2038-01-01','1,2,3,4,5,6,7',0,86399,'extrasuper','Lj_1303','Nao'),('comercial','zz_locucao_preco','extrasuper - locucao 65 centavos_sem_e.mp3',2,'2015-01-01','2038-01-01','1,2,3,4,5,6,7',0,86399,'extrasuper','Lj_1303','Nao'),('comercial','zz_locucao_preco','extrasuper - locucao 65 centavos.mp3',2,'2015-01-01','2038-01-01','1,2,3,4,5,6,7',0,86399,'extrasuper','Lj_1303','Nao'),('comercial','zz_locucao_preco','extrasuper - locucao 64 Reais.mp3',2,'2015-01-01','2038-01-01','1,2,3,4,5,6,7',0,86399,'extrasuper','Lj_1303','Nao'),('comercial','zz_locucao_preco','extrasuper - locucao 64 centavos_sem_e.mp3',2,'2015-01-01','2038-01-01','1,2,3,4,5,6,7',0,86399,'extrasuper','Lj_1303','Nao'),('comercial','zz_locucao_preco','extrasuper - locucao 64 centavos.mp3',3,'2015-01-01','2038-01-01','1,2,3,4,5,6,7',0,86399,'extrasuper','Lj_1303','Nao'),('comercial','zz_locucao_preco','extrasuper - locucao 63 Reais.mp3',2,'2015-01-01','2038-01-01','1,2,3,4,5,6,7',0,86399,'extrasuper','Lj_1303','Nao'),('comercial','zz_locucao_preco','extrasuper - locucao 63 centavos_sem_e.mp3',1,'2015-01-01','2038-01-01','1,2,3,4,5,6,7',0,86399,'extrasuper','Lj_1303','Nao'),('comercial','zz_locucao_preco','extrasuper - locucao 63 centavos.mp3',3,'2015-01-01','2038-01-01','1,2,3,4,5,6,7',0,86399,'extrasuper','Lj_1303','Nao'),('comercial','zz_locucao_preco','extrasuper - locucao 62 Reais.mp3',2,'2015-01-01','2038-01-01','1,2,3,4,5,6,7',0,86399,'extrasuper','Lj_1303','Nao'),('comercial','zz_locucao_preco','extrasuper - locucao 62 centavos_sem_e.mp3',1,'2015-01-01','2038-01-01','1,2,3,4,5,6,7',0,86399,'extrasuper','Lj_1303','Nao'),('comercial','zz_locucao_preco','extrasuper - locucao 62 centavos.mp3',2,'2015-01-01','2038-01-01','1,2,3,4,5,6,7',0,86399,'extrasuper','Lj_1303','Nao'),('comercial','zz_locucao_preco','extrasuper - locucao 61 Reais.mp3',2,'2015-01-01','2038-01-01','1,2,3,4,5,6,7',0,86399,'extrasuper','Lj_1303','Nao'),('comercial','zz_locucao_preco','extrasuper - locucao 61 centavos_sem_e.mp3',1,'2015-01-01','2038-01-01','1,2,3,4,5,6,7',0,86399,'extrasuper','Lj_1303','Nao'),('comercial','zz_locucao_preco','extrasuper - locucao 61 centavos.mp3',2,'2015-01-01','2038-01-01','1,2,3,4,5,6,7',0,86399,'extrasuper','Lj_1303','Nao'),('comercial','zz_locucao_preco','extrasuper - locucao 60 Reais.mp3',2,'2015-01-01','2038-01-01','1,2,3,4,5,6,7',0,86399,'extrasuper','Lj_1303','Nao'),('comercial','zz_locucao_preco','extrasuper - locucao 60 centavos_sem_e.mp3',1,'2015-01-01','2038-01-01','1,2,3,4,5,6,7',0,86399,'extrasuper','Lj_1303','Nao'),('comercial','zz_locucao_preco','extrasuper - locucao 60 centavos.mp3',2,'2015-01-01','2038-01-01','1,2,3,4,5,6,7',0,86399,'extrasuper','Lj_1303','Nao'),('comercial','zz_locucao_parcelamento','extrasuper - locucao 6 vezes de.mp3',1,'2015-01-01','2038-01-01','1,2,3,4,5,6,7',0,86399,'extrasuper','Lj_1303','Nao'),('comercial','zz_locucao_preco','extrasuper - locucao 6 Reais.mp3',1,'2015-01-01','2038-01-01','1,2,3,4,5,6,7',0,86399,'extrasuper','Lj_1303','Nao'),('comercial','zz_locucao_preco','extrasuper - locucao 6 centavos_sem_e.mp3',1,'2015-01-01','2038-01-01','1,2,3,4,5,6,7',0,86399,'extrasuper','Lj_1303','Nao'),('comercial','zz_locucao_preco','extrasuper - locucao 6 centavos.mp3',2,'2015-01-01','2038-01-01','1,2,3,4,5,6,7',0,86399,'extrasuper','Lj_1303','Nao'),('comercial','zz_locucao_preco','extrasuper - locucao 59 Reais.mp3',2,'2015-01-01','2038-01-01','1,2,3,4,5,6,7',0,86399,'extrasuper','Lj_1303','Nao'),('comercial','zz_locucao_preco','extrasuper - locucao 59 centavos_sem_e.mp3',2,'2015-01-01','2038-01-01','1,2,3,4,5,6,7',0,86399,'extrasuper','Lj_1303','Nao'),('comercial','zz_locucao_preco','extrasuper - locucao 59 centavos.mp3',2,'2015-01-01','2038-01-01','1,2,3,4,5,6,7',0,86399,'extrasuper','Lj_1303','Nao'),('comercial','zz_locucao_preco','extrasuper - locucao 58 Reais.mp3',2,'2015-01-01','2038-01-01','1,2,3,4,5,6,7',0,86399,'extrasuper','Lj_1303','Nao'),('comercial','zz_locucao_preco','extrasuper - locucao 58 centavos_sem_e.mp3',2,'2015-01-01','2038-01-01','1,2,3,4,5,6,7',0,86399,'extrasuper','Lj_1303','Nao'),('comercial','zz_locucao_preco','extrasuper - locucao 58 centavos.mp3',3,'2015-01-01','2038-01-01','1,2,3,4,5,6,7',0,86399,'extrasuper','Lj_1303','Nao'),('comercial','zz_locucao_preco','extrasuper - locucao 57 Reais.mp3',2,'2015-01-01','2038-01-01','1,2,3,4,5,6,7',0,86399,'extrasuper','Lj_1303','Nao'),('comercial','zz_locucao_preco','extrasuper - locucao 57 centavos_sem_e.mp3',2,'2015-01-01','2038-01-01','1,2,3,4,5,6,7',0,86399,'extrasuper','Lj_1303','Nao'),('comercial','zz_locucao_preco','extrasuper - locucao 57 centavos.mp3',3,'2015-01-01','2038-01-01','1,2,3,4,5,6,7',0,86399,'extrasuper','Lj_1303','Nao'),('comercial','zz_locucao_preco','extrasuper - locucao 56 Reais.mp3',2,'2015-01-01','2038-01-01','1,2,3,4,5,6,7',0,86399,'extrasuper','Lj_1303','Nao'),('comercial','zz_locucao_preco','extrasuper - locucao 56 centavos_sem_e.mp3',1,'2015-01-01','2038-01-01','1,2,3,4,5,6,7',0,86399,'extrasuper','Lj_1303','Nao'),('comercial','zz_locucao_preco','extrasuper - locucao 56 centavos.mp3',2,'2015-01-01','2038-01-01','1,2,3,4,5,6,7',0,86399,'extrasuper','Lj_1303','Nao'),('comercial','zz_locucao_preco','extrasuper - locucao 55 Reais.mp3',2,'2015-01-01','2038-01-01','1,2,3,4,5,6,7',0,86399,'extrasuper','Lj_1303','Nao'),('comercial','zz_locucao_preco','extrasuper - locucao 55 centavos_sem_e.mp3',2,'2015-01-01','2038-01-01','1,2,3,4,5,6,7',0,86399,'extrasuper','Lj_1303','Nao'),('comercial','zz_locucao_preco','extrasuper - locucao 55 centavos.mp3',3,'2015-01-01','2038-01-01','1,2,3,4,5,6,7',0,86399,'extrasuper','Lj_1303','Nao'),('comercial','zz_locucao_preco','extrasuper - locucao 54 Reais.mp3',2,'2015-01-01','2038-01-01','1,2,3,4,5,6,7',0,86399,'extrasuper','Lj_1303','Nao'),('comercial','zz_locucao_preco','extrasuper - locucao 54 centavos_sem_e.mp3',2,'2015-01-01','2038-01-01','1,2,3,4,5,6,7',0,86399,'extrasuper','Lj_1303','Nao'),('comercial','zz_locucao_preco','extrasuper - locucao 54 centavos.mp3',2,'2015-01-01','2038-01-01','1,2,3,4,5,6,7',0,86399,'extrasuper','Lj_1303','Nao'),('comercial','zz_locucao_preco','extrasuper - locucao 53 Reais.mp3',2,'2015-01-01','2038-01-01','1,2,3,4,5,6,7',0,86399,'extrasuper','Lj_1303','Nao'),('comercial','zz_locucao_preco','extrasuper - locucao 53 centavos_sem_e.mp3',1,'2015-01-01','2038-01-01','1,2,3,4,5,6,7',0,86399,'extrasuper','Lj_1303','Nao'),('comercial','zz_locucao_preco','extrasuper - locucao 53 centavos.mp3',3,'2015-01-01','2038-01-01','1,2,3,4,5,6,7',0,86399,'extrasuper','Lj_1303','Nao'),('comercial','zz_locucao_preco','extrasuper - locucao 52 Reais.mp3',2,'2015-01-01','2038-01-01','1,2,3,4,5,6,7',0,86399,'extrasuper','Lj_1303','Nao'),('comercial','zz_locucao_preco','extrasuper - locucao 52 centavos_sem_e.mp3',1,'2015-01-01','2038-01-01','1,2,3,4,5,6,7',0,86399,'extrasuper','Lj_1303','Nao'),('comercial','zz_locucao_preco','extrasuper - locucao 52 centavos.mp3',2,'2015-01-01','2038-01-01','1,2,3,4,5,6,7',0,86399,'extrasuper','Lj_1303','Nao'),('comercial','zz_locucao_preco','extrasuper - locucao 51 Reais.mp3',2,'2015-01-01','2038-01-01','1,2,3,4,5,6,7',0,86399,'extrasuper','Lj_1303','Nao'),('comercial','zz_locucao_preco','extrasuper - locucao 51 centavos_sem_e.mp3',1,'2015-01-01','2038-01-01','1,2,3,4,5,6,7',0,86399,'extrasuper','Lj_1303','Nao'),('comercial','zz_locucao_preco','extrasuper - locucao 51 centavos.mp3',2,'2015-01-01','2038-01-01','1,2,3,4,5,6,7',0,86399,'extrasuper','Lj_1303','Nao'),('comercial','zz_locucao_preco','extrasuper - locucao 50 Reais.mp3',2,'2015-01-01','2038-01-01','1,2,3,4,5,6,7',0,86399,'extrasuper','Lj_1303','Nao'),('comercial','zz_locucao_preco','extrasuper - locucao 50 centavos_sem_e.mp3',1,'2015-01-01','2038-01-01','1,2,3,4,5,6,7',0,86399,'extrasuper','Lj_1303','Nao'),('comercial','zz_locucao_preco','extrasuper - locucao 50 centavos.mp3',2,'2015-01-01','2038-01-01','1,2,3,4,5,6,7',0,86399,'extrasuper','Lj_1303','Nao'),('comercial','zz_locucao_parcelamento','extrasuper - locucao 5 vezes de.mp3',1,'2015-01-01','2038-01-01','1,2,3,4,5,6,7',0,86399,'extrasuper','Lj_1303','Nao'),('comercial','zz_locucao_preco','extrasuper - locucao 5 Reais.mp3',1,'2015-01-01','2038-01-01','1,2,3,4,5,6,7',0,86399,'extrasuper','Lj_1303','Nao'),('comercial','zz_locucao_preco','extrasuper - locucao 5 centavos_sem_e.mp3',1,'2015-01-01','2038-01-01','1,2,3,4,5,6,7',0,86399,'extrasuper','Lj_1303','Nao'),('comercial','zz_locucao_preco','extrasuper - locucao 5 centavos.mp3',2,'2015-01-01','2038-01-01','1,2,3,4,5,6,7',0,86399,'extrasuper','Lj_1303','Nao'),('comercial','zz_locucao_preco','extrasuper - locucao 49 Reais.mp3',2,'2015-01-01','2038-01-01','1,2,3,4,5,6,7',0,86399,'extrasuper','Lj_1303','Nao'),('comercial','zz_locucao_preco','extrasuper - locucao 49 centavos_sem_e.mp3',2,'2015-01-01','2038-01-01','1,2,3,4,5,6,7',0,86399,'extrasuper','Lj_1303','Nao'),('comercial','zz_locucao_preco','extrasuper - locucao 49 centavos.mp3',2,'2015-01-01','2038-01-01','1,2,3,4,5,6,7',0,86399,'extrasuper','Lj_1303','Nao'),('comercial','zz_locucao_preco','extrasuper - locucao 48 Reais.mp3',2,'2015-01-01','2038-01-01','1,2,3,4,5,6,7',0,86399,'extrasuper','Lj_1303','Nao'),('comercial','zz_locucao_preco','extrasuper - locucao 48 centavos_sem_e.mp3',2,'2015-01-01','2038-01-01','1,2,3,4,5,6,7',0,86399,'extrasuper','Lj_1303','Nao'),('comercial','zz_locucao_preco','extrasuper - locucao 48 centavos.mp3',2,'2015-01-01','2038-01-01','1,2,3,4,5,6,7',0,86399,'extrasuper','Lj_1303','Nao'),('comercial','zz_locucao_preco','extrasuper - locucao 47 Reais.mp3',2,'2015-01-01','2038-01-01','1,2,3,4,5,6,7',0,86399,'extrasuper','Lj_1303','Nao'),('comercial','zz_locucao_preco','extrasuper - locucao 47 centavos_sem_e.mp3',2,'2015-01-01','2038-01-01','1,2,3,4,5,6,7',0,86399,'extrasuper','Lj_1303','Nao'),('comercial','zz_locucao_preco','extrasuper - locucao 47 centavos.mp3',2,'2015-01-01','2038-01-01','1,2,3,4,5,6,7',0,86399,'extrasuper','Lj_1303','Nao'),('comercial','zz_locucao_preco','extrasuper - locucao 46 Reais.mp3',2,'2015-01-01','2038-01-01','1,2,3,4,5,6,7',0,86399,'extrasuper','Lj_1303','Nao'),('comercial','zz_locucao_preco','extrasuper - locucao 46 centavos_sem_e.mp3',1,'2015-01-01','2038-01-01','1,2,3,4,5,6,7',0,86399,'extrasuper','Lj_1303','Nao'),('comercial','zz_locucao_preco','extrasuper - locucao 46 centavos.mp3',2,'2015-01-01','2038-01-01','1,2,3,4,5,6,7',0,86399,'extrasuper','Lj_1303','Nao'),('comercial','zz_locucao_preco','extrasuper - locucao 45 Reais.mp3',2,'2015-01-01','2038-01-01','1,2,3,4,5,6,7',0,86399,'extrasuper','Lj_1303','Nao'),('comercial','zz_locucao_preco','extrasuper - locucao 45 centavos_sem_e.mp3',2,'2015-01-01','2038-01-01','1,2,3,4,5,6,7',0,86399,'extrasuper','Lj_1303','Nao'),('comercial','zz_locucao_preco','extrasuper - locucao 45 centavos.mp3',2,'2015-01-01','2038-01-01','1,2,3,4,5,6,7',0,86399,'extrasuper','Lj_1303','Nao'),('comercial','zz_locucao_preco','extrasuper - locucao 44 Reais.mp3',2,'2015-01-01','2038-01-01','1,2,3,4,5,6,7',0,86399,'extrasuper','Lj_1303','Nao'),('comercial','zz_locucao_preco','extrasuper - locucao 44 centavos_sem_e.mp3',2,'2015-01-01','2038-01-01','1,2,3,4,5,6,7',0,86399,'extrasuper','Lj_1303','Nao'),('comercial','zz_locucao_preco','extrasuper - locucao 44 centavos.mp3',2,'2015-01-01','2038-01-01','1,2,3,4,5,6,7',0,86399,'extrasuper','Lj_1303','Nao'),('comercial','zz_locucao_preco','extrasuper - locucao 43 Reais.mp3',2,'2015-01-01','2038-01-01','1,2,3,4,5,6,7',0,86399,'extrasuper','Lj_1303','Nao'),('comercial','zz_locucao_preco','extrasuper - locucao 43 centavos_sem_e.mp3',1,'2015-01-01','2038-01-01','1,2,3,4,5,6,7',0,86399,'extrasuper','Lj_1303','Nao'),('comercial','zz_locucao_preco','extrasuper - locucao 43 centavos.mp3',2,'2015-01-01','2038-01-01','1,2,3,4,5,6,7',0,86399,'extrasuper','Lj_1303','Nao'),('comercial','zz_locucao_preco','extrasuper - locucao 42 Reais.mp3',1,'2015-01-01','2038-01-01','1,2,3,4,5,6,7',0,86399,'extrasuper','Lj_1303','Nao'),('comercial','zz_locucao_preco','extrasuper - locucao 42 centavos_sem_e.mp3',1,'2015-01-01','2038-01-01','1,2,3,4,5,6,7',0,86399,'extrasuper','Lj_1303','Nao'),('comercial','zz_locucao_preco','extrasuper - locucao 42 centavos.mp3',2,'2015-01-01','2038-01-01','1,2,3,4,5,6,7',0,86399,'extrasuper','Lj_1303','Nao'),('comercial','zz_locucao_preco','extrasuper - locucao 41 Reais.mp3',2,'2015-01-01','2038-01-01','1,2,3,4,5,6,7',0,86399,'extrasuper','Lj_1303','Nao'),('comercial','zz_locucao_preco','extrasuper - locucao 41 centavos_sem_e.mp3',1,'2015-01-01','2038-01-01','1,2,3,4,5,6,7',0,86399,'extrasuper','Lj_1303','Nao'),('comercial','zz_locucao_preco','extrasuper - locucao 41 centavos.mp3',2,'2015-01-01','2038-01-01','1,2,3,4,5,6,7',0,86399,'extrasuper','Lj_1303','Nao'),('comercial','zz_locucao_preco','extrasuper - locucao 40 Reais.mp3',2,'2015-01-01','2038-01-01','1,2,3,4,5,6,7',0,86399,'extrasuper','Lj_1303','Nao'),('comercial','zz_locucao_preco','extrasuper - locucao 40 centavos_sem_e.mp3',1,'2015-01-01','2038-01-01','1,2,3,4,5,6,7',0,86399,'extrasuper','Lj_1303','Nao'),('comercial','zz_locucao_preco','extrasuper - locucao 40 centavos.mp3',2,'2015-01-01','2038-01-01','1,2,3,4,5,6,7',0,86399,'extrasuper','Lj_1303','Nao'),('comercial','zz_locucao_parcelamento','extrasuper - locucao 4 vezes de.mp3',1,'2015-01-01','2038-01-01','1,2,3,4,5,6,7',0,86399,'extrasuper','Lj_1303','Nao'),('comercial','zz_locucao_preco','extrasuper - locucao 4 Reais.mp3',1,'2015-01-01','2038-01-01','1,2,3,4,5,6,7',0,86399,'extrasuper','Lj_1303','Nao'),('comercial','zz_locucao_preco','extrasuper - locucao 4 centavos_sem_e.mp3',1,'2015-01-01','2038-01-01','1,2,3,4,5,6,7',0,86399,'extrasuper','Lj_1303','Nao'),('comercial','zz_locucao_preco','extrasuper - locucao 4 centavos.mp3',1,'2015-01-01','2038-01-01','1,2,3,4,5,6,7',0,86399,'extrasuper','Lj_1303','Nao'),('comercial','zz_locucao_preco','extrasuper - locucao 39 Reais.mp3',2,'2015-01-01','2038-01-01','1,2,3,4,5,6,7',0,86399,'extrasuper','Lj_1303','Nao'),('comercial','zz_locucao_preco','extrasuper - locucao 39 centavos_sem_e.mp3',2,'2015-01-01','2038-01-01','1,2,3,4,5,6,7',0,86399,'extrasuper','Lj_1303','Nao'),('comercial','zz_locucao_preco','extrasuper - locucao 39 centavos.mp3',2,'2015-01-01','2038-01-01','1,2,3,4,5,6,7',0,86399,'extrasuper','Lj_1303','Nao'),('comercial','zz_locucao_parcelamento','extrasuper - locucao 38 vezes de.mp3',1,'2015-01-01','2038-01-01','1,2,3,4,5,6,7',0,86399,'extrasuper','Lj_1303','Nao'),('comercial','zz_locucao_preco','extrasuper - locucao 38 Reais.mp3',2,'2015-01-01','2038-01-01','1,2,3,4,5,6,7',0,86399,'extrasuper','Lj_1303','Nao'),('comercial','zz_locucao_preco','extrasuper - locucao 38 centavos_sem_e.mp3',2,'2015-01-01','2038-01-01','1,2,3,4,5,6,7',0,86399,'extrasuper','Lj_1303','Nao'),('comercial','zz_locucao_preco','extrasuper - locucao 38 centavos.mp3',2,'2015-01-01','2038-01-01','1,2,3,4,5,6,7',0,86399,'extrasuper','Lj_1303','Nao'),('comercial','zz_locucao_parcelamento','extrasuper - locucao 37 vezes de.mp3',1,'2015-01-01','2038-01-01','1,2,3,4,5,6,7',0,86399,'extrasuper','Lj_1303','Nao'),('comercial','zz_locucao_preco','extrasuper - locucao 37 Reais.mp3',2,'2015-01-01','2038-01-01','1,2,3,4,5,6,7',0,86399,'extrasuper','Lj_1303','Nao'),('comercial','zz_locucao_preco','extrasuper - locucao 37 centavos_sem_e.mp3',1,'2015-01-01','2038-01-01','1,2,3,4,5,6,7',0,86399,'extrasuper','Lj_1303','Nao'),('comercial','zz_locucao_preco','extrasuper - locucao 37 centavos.mp3',2,'2015-01-01','2038-01-01','1,2,3,4,5,6,7',0,86399,'extrasuper','Lj_1303','Nao'),('comercial','zz_locucao_parcelamento','extrasuper - locucao 36 vezes de.mp3',1,'2015-01-01','2038-01-01','1,2,3,4,5,6,7',0,86399,'extrasuper','Lj_1303','Nao'),('comercial','zz_locucao_preco','extrasuper - locucao 36 Reais.mp3',1,'2015-01-01','2038-01-01','1,2,3,4,5,6,7',0,86399,'extrasuper','Lj_1303','Nao'),('comercial','zz_locucao_preco','extrasuper - locucao 36 centavos_sem_e.mp3',1,'2015-01-01','2038-01-01','1,2,3,4,5,6,7',0,86399,'extrasuper','Lj_1303','Nao'),('comercial','zz_locucao_preco','extrasuper - locucao 36 centavos.mp3',2,'2015-01-01','2038-01-01','1,2,3,4,5,6,7',0,86399,'extrasuper','Lj_1303','Nao'),('comercial','zz_locucao_parcelamento','extrasuper - locucao 35 vezes de.mp3',1,'2015-01-01','2038-01-01','1,2,3,4,5,6,7',0,86399,'extrasuper','Lj_1303','Nao'),('comercial','zz_locucao_preco','extrasuper - locucao 35 Reais.mp3',2,'2015-01-01','2038-01-01','1,2,3,4,5,6,7',0,86399,'extrasuper','Lj_1303','Nao'),('comercial','zz_locucao_preco','extrasuper - locucao 35 centavos_sem_e.mp3',1,'2015-01-01','2038-01-01','1,2,3,4,5,6,7',0,86399,'extrasuper','Lj_1303','Nao'),('comercial','zz_locucao_preco','extrasuper - locucao 35 centavos.mp3',2,'2015-01-01','2038-01-01','1,2,3,4,5,6,7',0,86399,'extrasuper','Lj_1303','Nao'),('comercial','zz_locucao_parcelamento','extrasuper - locucao 34 vezes de.mp3',1,'2015-01-01','2038-01-01','1,2,3,4,5,6,7',0,86399,'extrasuper','Lj_1303','Nao'),('comercial','zz_locucao_preco','extrasuper - locucao 34 Reais.mp3',2,'2015-01-01','2038-01-01','1,2,3,4,5,6,7',0,86399,'extrasuper','Lj_1303','Nao'),('comercial','zz_locucao_preco','extrasuper - locucao 34 centavos_sem_e.mp3',1,'2015-01-01','2038-01-01','1,2,3,4,5,6,7',0,86399,'extrasuper','Lj_1303','Nao'),('comercial','zz_locucao_preco','extrasuper - locucao 34 centavos.mp3',3,'2015-01-01','2038-01-01','1,2,3,4,5,6,7',0,86399,'extrasuper','Lj_1303','Nao'),('comercial','zz_locucao_parcelamento','extrasuper - locucao 33 vezes de.mp3',1,'2015-01-01','2038-01-01','1,2,3,4,5,6,7',0,86399,'extrasuper','Lj_1303','Nao'),('comercial','zz_locucao_preco','extrasuper - locucao 33 Reais.mp3',1,'2015-01-01','2038-01-01','1,2,3,4,5,6,7',0,86399,'extrasuper','Lj_1303','Nao'),('comercial','zz_locucao_preco','extrasuper - locucao 33 centavos_sem_e.mp3',1,'2015-01-01','2038-01-01','1,2,3,4,5,6,7',0,86399,'extrasuper','Lj_1303','Nao'),('comercial','zz_locucao_preco','extrasuper - locucao 33 centavos.mp3',2,'2015-01-01','2038-01-01','1,2,3,4,5,6,7',0,86399,'extrasuper','Lj_1303','Nao'),('comercial','zz_locucao_parcelamento','extrasuper - locucao 32 vezes de.mp3',1,'2015-01-01','2038-01-01','1,2,3,4,5,6,7',0,86399,'extrasuper','Lj_1303','Nao'),('comercial','zz_locucao_preco','extrasuper - locucao 32 Reais.mp3',1,'2015-01-01','2038-01-01','1,2,3,4,5,6,7',0,86399,'extrasuper','Lj_1303','Nao'),('comercial','zz_locucao_preco','extrasuper - locucao 32 centavos_sem_e.mp3',1,'2015-01-01','2038-01-01','1,2,3,4,5,6,7',0,86399,'extrasuper','Lj_1303','Nao'),('comercial','zz_locucao_preco','extrasuper - locucao 32 centavos.mp3',2,'2015-01-01','2038-01-01','1,2,3,4,5,6,7',0,86399,'extrasuper','Lj_1303','Nao'),('comercial','zz_locucao_parcelamento','extrasuper - locucao 31 vezes de.mp3',1,'2015-01-01','2038-01-01','1,2,3,4,5,6,7',0,86399,'extrasuper','Lj_1303','Nao'),('comercial','zz_locucao_preco','extrasuper - locucao 31 Reais.mp3',1,'2015-01-01','2038-01-01','1,2,3,4,5,6,7',0,86399,'extrasuper','Lj_1303','Nao'),('comercial','zz_locucao_preco','extrasuper - locucao 31 centavos_sem_e.mp3',1,'2015-01-01','2038-01-01','1,2,3,4,5,6,7',0,86399,'extrasuper','Lj_1303','Nao'),('comercial','zz_locucao_preco','extrasuper - locucao 31 centavos.mp3',2,'2015-01-01','2038-01-01','1,2,3,4,5,6,7',0,86399,'extrasuper','Lj_1303','Nao'),('comercial','zz_locucao_parcelamento','extrasuper - locucao 30 vezes de.mp3',1,'2015-01-01','2038-01-01','1,2,3,4,5,6,7',0,86399,'extrasuper','Lj_1303','Nao'),('comercial','zz_locucao_preco','extrasuper - locucao 30 Reais.mp3',1,'2015-01-01','2038-01-01','1,2,3,4,5,6,7',0,86399,'extrasuper','Lj_1303','Nao'),('comercial','zz_locucao_preco','extrasuper - locucao 30 centavos_sem_e.mp3',1,'2015-01-01','2038-01-01','1,2,3,4,5,6,7',0,86399,'extrasuper','Lj_1303','Nao'),('comercial','zz_locucao_preco','extrasuper - locucao 30 centavos.mp3',2,'2015-01-01','2038-01-01','1,2,3,4,5,6,7',0,86399,'extrasuper','Lj_1303','Nao'),('comercial','zz_locucao_parcelamento','extrasuper - locucao 3 vezes de.mp3',1,'2015-01-01','2038-01-01','1,2,3,4,5,6,7',0,86399,'extrasuper','Lj_1303','Nao'),('comercial','zz_locucao_preco','extrasuper - locucao 3 Reais.mp3',1,'2015-01-01','2038-01-01','1,2,3,4,5,6,7',0,86399,'extrasuper','Lj_1303','Nao'),('comercial','zz_locucao_preco','extrasuper - locucao 3 centavos_sem_e.mp3',1,'2015-01-01','2038-01-01','1,2,3,4,5,6,7',0,86399,'extrasuper','Lj_1303','Nao'),('comercial','zz_locucao_preco','extrasuper - locucao 3 centavos.mp3',1,'2015-01-01','2038-01-01','1,2,3,4,5,6,7',0,86399,'extrasuper','Lj_1303','Nao'),('comercial','zz_locucao_preco','extrasuper - locucao 99 Reais.mp3',2,'2015-01-01','2038-01-01','1,2,3,4,5,6,7',0,86399,'extrasuper','Lj_1303','Nao'),('comercial','zz_locucao_preco','extrasuper - locucao 99 centavos_sem_e.mp3',1,'2015-01-01','2038-01-01','1,2,3,4,5,6,7',0,86399,'extrasuper','Lj_1303','Nao'),('comercial','zz_locucao_preco','extrasuper - locucao 99 centavos.mp3',4,'2015-01-01','2038-01-01','1,2,3,4,5,6,7',0,86399,'extrasuper','Lj_1303','Nao'),('comercial','zz_locucao_preco','extrasuper - locucao 98 Reais.mp3',2,'2015-01-01','2038-01-01','1,2,3,4,5,6,7',0,86399,'extrasuper','Lj_1303','Nao'),('comercial','zz_locucao_preco','extrasuper - locucao 98 centavos_sem_e.mp3',1,'2015-01-01','2038-01-01','1,2,3,4,5,6,7',0,86399,'extrasuper','Lj_1303','Nao'),('comercial','zz_locucao_preco','extrasuper - locucao 98 centavos.mp3',3,'2015-01-01','2038-01-01','1,2,3,4,5,6,7',0,86399,'extrasuper','Lj_1303','Nao'),('comercial','zz_locucao_preco','extrasuper - locucao 97 Reais.mp3',2,'2015-01-01','2038-01-01','1,2,3,4,5,6,7',0,86399,'extrasuper','Lj_1303','Nao'),('comercial','zz_locucao_preco','extrasuper - locucao 97 centavos_sem_e.mp3',2,'2015-01-01','2038-01-01','1,2,3,4,5,6,7',0,86399,'extrasuper','Lj_1303','Nao'),('comercial','zz_locucao_preco','extrasuper - locucao 97 centavos.mp3',3,'2015-01-01','2038-01-01','1,2,3,4,5,6,7',0,86399,'extrasuper','Lj_1303','Nao'),('comercial','zz_locucao_preco','extrasuper - locucao 96 Reais.mp3',2,'2015-01-01','2038-01-01','1,2,3,4,5,6,7',0,86399,'extrasuper','Lj_1303','Nao'),('comercial','zz_locucao_preco','extrasuper - locucao 96 centavos_sem_e.mp3',1,'2015-01-01','2038-01-01','1,2,3,4,5,6,7',0,86399,'extrasuper','Lj_1303','Nao'),('comercial','zz_locucao_preco','extrasuper - locucao 96 centavos.mp3',3,'2015-01-01','2038-01-01','1,2,3,4,5,6,7',0,86399,'extrasuper','Lj_1303','Nao'),('comercial','zz_locucao_preco','extrasuper - locucao 95 Reais.mp3',2,'2015-01-01','2038-01-01','1,2,3,4,5,6,7',0,86399,'extrasuper','Lj_1303','Nao'),('comercial','zz_locucao_preco','extrasuper - locucao 95 centavos_sem_e.mp3',1,'2015-01-01','2038-01-01','1,2,3,4,5,6,7',0,86399,'extrasuper','Lj_1303','Nao'),('comercial','zz_locucao_preco','extrasuper - locucao 95 centavos.mp3',3,'2015-01-01','2038-01-01','1,2,3,4,5,6,7',0,86399,'extrasuper','Lj_1303','Nao'),('comercial','zz_locucao_preco','extrasuper - locucao 94 Reais.mp3',2,'2015-01-01','2038-01-01','1,2,3,4,5,6,7',0,86399,'extrasuper','Lj_1303','Nao'),('comercial','zz_locucao_preco','extrasuper - locucao 94 centavos_sem_e.mp3',1,'2015-01-01','2038-01-01','1,2,3,4,5,6,7',0,86399,'extrasuper','Lj_1303','Nao'),('comercial','zz_locucao_preco','extrasuper - locucao 94 centavos.mp3',2,'2015-01-01','2038-01-01','1,2,3,4,5,6,7',0,86399,'extrasuper','Lj_1303','Nao'),('comercial','zz_locucao_preco','extrasuper - locucao 93 Reais.mp3',2,'2015-01-01','2038-01-01','1,2,3,4,5,6,7',0,86399,'extrasuper','Lj_1303','Nao'),('comercial','zz_locucao_preco','extrasuper - locucao 93 centavos_sem_e.mp3',1,'2015-01-01','2038-01-01','1,2,3,4,5,6,7',0,86399,'extrasuper','Lj_1303','Nao'),('comercial','zz_locucao_preco','extrasuper - locucao 93 centavos.mp3',3,'2015-01-01','2038-01-01','1,2,3,4,5,6,7',0,86399,'extrasuper','Lj_1303','Nao'),('comercial','zz_locucao_preco','extrasuper - locucao 92 Reais.mp3',2,'2015-01-01','2038-01-01','1,2,3,4,5,6,7',0,86399,'extrasuper','Lj_1303','Nao'),('comercial','zz_locucao_preco','extrasuper - locucao 92 centavos_sem_e.mp3',1,'2015-01-01','2038-01-01','1,2,3,4,5,6,7',0,86399,'extrasuper','Lj_1303','Nao'),('comercial','zz_locucao_preco','extrasuper - locucao 92 centavos.mp3',3,'2015-01-01','2038-01-01','1,2,3,4,5,6,7',0,86399,'extrasuper','Lj_1303','Nao'),('comercial','zz_locucao_preco','extrasuper - locucao 91 Reais.mp3',1,'2015-01-01','2038-01-01','1,2,3,4,5,6,7',0,86399,'extrasuper','Lj_1303','Nao'),('comercial','zz_locucao_preco','extrasuper - locucao 91 centavos_sem_e.mp3',1,'2015-01-01','2038-01-01','1,2,3,4,5,6,7',0,86399,'extrasuper','Lj_1303','Nao'),('comercial','zz_locucao_preco','extrasuper - locucao 91 centavos.mp3',2,'2015-01-01','2038-01-01','1,2,3,4,5,6,7',0,86399,'extrasuper','Lj_1303','Nao'),('comercial','zz_locucao_preco','extrasuper - locucao 90 Reais.mp3',1,'2015-01-01','2038-01-01','1,2,3,4,5,6,7',0,86399,'extrasuper','Lj_1303','Nao'),('comercial','zz_locucao_preco','extrasuper - locucao 90 centavos_sem_e.mp3',1,'2015-01-01','2038-01-01','1,2,3,4,5,6,7',0,86399,'extrasuper','Lj_1303','Nao'),('comercial','zz_locucao_preco','extrasuper - locucao 90 centavos.mp3',3,'2015-01-01','2038-01-01','1,2,3,4,5,6,7',0,86399,'extrasuper','Lj_1303','Nao'),('comercial','zz_locucao_parcelamento','extrasuper - locucao 9 vezes de.mp3',1,'2015-01-01','2038-01-01','1,2,3,4,5,6,7',0,86399,'extrasuper','Lj_1303','Nao'),('comercial','zz_locucao_preco','extrasuper - locucao 9 Reais.mp3',1,'2015-01-01','2038-01-01','1,2,3,4,5,6,7',0,86399,'extrasuper','Lj_1303','Nao'),('comercial','zz_locucao_preco','extrasuper - locucao 9 centavos_sem_e.mp3',1,'2015-01-01','2038-01-01','1,2,3,4,5,6,7',0,86399,'extrasuper','Lj_1303','Nao'),('comercial','zz_locucao_preco','extrasuper - locucao 9 centavos.mp3',2,'2015-01-01','2038-01-01','1,2,3,4,5,6,7',0,86399,'extrasuper','Lj_1303','Nao'),('comercial','zz_locucao_preco','extrasuper - locucao 89 Reais.mp3',2,'2015-01-01','2038-01-01','1,2,3,4,5,6,7',0,86399,'extrasuper','Lj_1303','Nao'),('comercial','zz_locucao_preco','extrasuper - locucao 89 centavos_sem_e.mp3',1,'2015-01-01','2038-01-01','1,2,3,4,5,6,7',0,86399,'extrasuper','Lj_1303','Nao'),('comercial','zz_locucao_preco','extrasuper - locucao 89 centavos.mp3',2,'2015-01-01','2038-01-01','1,2,3,4,5,6,7',0,86399,'extrasuper','Lj_1303','Nao'),('comercial','zz_locucao_preco','extrasuper - locucao 88 Reais.mp3',2,'2015-01-01','2038-01-01','1,2,3,4,5,6,7',0,86399,'extrasuper','Lj_1303','Nao'),('comercial','zz_locucao_preco','extrasuper - locucao 88 centavos_sem_e.mp3',1,'2015-01-01','2038-01-01','1,2,3,4,5,6,7',0,86399,'extrasuper','Lj_1303','Nao'),('comercial','zz_locucao_preco','extrasuper - locucao 88 centavos.mp3',3,'2015-01-01','2038-01-01','1,2,3,4,5,6,7',0,86399,'extrasuper','Lj_1303','Nao'),('comercial','zz_locucao_preco','extrasuper - locucao 87 Reais.mp3',2,'2015-01-01','2038-01-01','1,2,3,4,5,6,7',0,86399,'extrasuper','Lj_1303','Nao'),('comercial','zz_locucao_preco','extrasuper - locucao 87 centavos_sem_e.mp3',2,'2015-01-01','2038-01-01','1,2,3,4,5,6,7',0,86399,'extrasuper','Lj_1303','Nao'),('comercial','zz_locucao_preco','extrasuper - locucao 87 centavos.mp3',2,'2015-01-01','2038-01-01','1,2,3,4,5,6,7',0,86399,'extrasuper','Lj_1303','Nao'),('comercial','zz_locucao_preco','extrasuper - locucao 86 Reais.mp3',2,'2015-01-01','2038-01-01','1,2,3,4,5,6,7',0,86399,'extrasuper','Lj_1303','Nao'),('comercial','zz_locucao_preco','extrasuper - locucao 86 centavos_sem_e.mp3',1,'2015-01-01','2038-01-01','1,2,3,4,5,6,7',0,86399,'extrasuper','Lj_1303','Nao'),('comercial','zz_locucao_preco','extrasuper - locucao 86 centavos.mp3',3,'2015-01-01','2038-01-01','1,2,3,4,5,6,7',0,86399,'extrasuper','Lj_1303','Nao'),('comercial','zz_locucao_preco','extrasuper - locucao 85 Reais.mp3',2,'2015-01-01','2038-01-01','1,2,3,4,5,6,7',0,86399,'extrasuper','Lj_1303','Nao'),('comercial','zz_locucao_preco','extrasuper - locucao 85 centavos_sem_e.mp3',1,'2015-01-01','2038-01-01','1,2,3,4,5,6,7',0,86399,'extrasuper','Lj_1303','Nao'),('comercial','zz_locucao_preco','extrasuper - locucao 85 centavos.mp3',3,'2015-01-01','2038-01-01','1,2,3,4,5,6,7',0,86399,'extrasuper','Lj_1303','Nao'),('comercial','zz_locucao_preco','extrasuper - locucao 84 Reais.mp3',2,'2015-01-01','2038-01-01','1,2,3,4,5,6,7',0,86399,'extrasuper','Lj_1303','Nao'),('comercial','zz_locucao_preco','extrasuper - locucao 84 centavos_sem_e.mp3',1,'2015-01-01','2038-01-01','1,2,3,4,5,6,7',0,86399,'extrasuper','Lj_1303','Nao'),('comercial','zz_locucao_preco','extrasuper - locucao 84 centavos.mp3',3,'2015-01-01','2038-01-01','1,2,3,4,5,6,7',0,86399,'extrasuper','Lj_1303','Nao'),('comercial','zz_locucao_preco','extrasuper - locucao 83 Reais.mp3',2,'2015-01-01','2038-01-01','1,2,3,4,5,6,7',0,86399,'extrasuper','Lj_1303','Nao'),('comercial','zz_locucao_preco','extrasuper - locucao 83 centavos_sem_e.mp3',1,'2015-01-01','2038-01-01','1,2,3,4,5,6,7',0,86399,'extrasuper','Lj_1303','Nao'),('comercial','zz_locucao_preco','extrasuper - locucao 83 centavos.mp3',3,'2015-01-01','2038-01-01','1,2,3,4,5,6,7',0,86399,'extrasuper','Lj_1303','Nao'),('comercial','zz_locucao_preco','extrasuper - locucao 82 Reais.mp3',2,'2015-01-01','2038-01-01','1,2,3,4,5,6,7',0,86399,'extrasuper','Lj_1303','Nao'),('comercial','zz_locucao_preco','extrasuper - locucao 82 centavos_sem_e.mp3',1,'2015-01-01','2038-01-01','1,2,3,4,5,6,7',0,86399,'extrasuper','Lj_1303','Nao'),('comercial','zz_locucao_preco','extrasuper - locucao 82 centavos.mp3',3,'2015-01-01','2038-01-01','1,2,3,4,5,6,7',0,86399,'extrasuper','Lj_1303','Nao'),('comercial','zz_locucao_preco','extrasuper - locucao 81 Reais.mp3',2,'2015-01-01','2038-01-01','1,2,3,4,5,6,7',0,86399,'extrasuper','Lj_1303','Nao'),('comercial','zz_locucao_preco','extrasuper - locucao 81 centavos_sem_e.mp3',1,'2015-01-01','2038-01-01','1,2,3,4,5,6,7',0,86399,'extrasuper','Lj_1303','Nao'),('comercial','zz_locucao_preco','extrasuper - locucao 81 centavos.mp3',3,'2015-01-01','2038-01-01','1,2,3,4,5,6,7',0,86399,'extrasuper','Lj_1303','Nao'),('comercial','zz_locucao_preco','extrasuper - locucao 80 Reais.mp3',2,'2015-01-01','2038-01-01','1,2,3,4,5,6,7',0,86399,'extrasuper','Lj_1303','Nao'),('comercial','zz_locucao_preco','extrasuper - locucao 80 centavos_sem_e.mp3',2,'2015-01-01','2038-01-01','1,2,3,4,5,6,7',0,86399,'extrasuper','Lj_1303','Nao'),('comercial','zz_locucao_preco','extrasuper - locucao 80 centavos.mp3',2,'2015-01-01','2038-01-01','1,2,3,4,5,6,7',0,86399,'extrasuper','Lj_1303','Nao'),('comercial','zz_locucao_parcelamento','extrasuper - locucao 8 vezes de.mp3',1,'2015-01-01','2038-01-01','1,2,3,4,5,6,7',0,86399,'extrasuper','Lj_1303','Nao'),('comercial','zz_locucao_preco','extrasuper - locucao 8 Reais.mp3',1,'2015-01-01','2038-01-01','1,2,3,4,5,6,7',0,86399,'extrasuper','Lj_1303','Nao'),('comercial','zz_locucao_preco','extrasuper - locucao 8 centavos_sem_e.mp3',1,'2015-01-01','2038-01-01','1,2,3,4,5,6,7',0,86399,'extrasuper','Lj_1303','Nao'),('comercial','zz_locucao_preco','extrasuper - locucao 8 centavos.mp3',2,'2015-01-01','2038-01-01','1,2,3,4,5,6,7',0,86399,'extrasuper','Lj_1303','Nao'),('comercial','zz_locucao_preco','extrasuper - locucao 79 Reais.mp3',2,'2015-01-01','2038-01-01','1,2,3,4,5,6,7',0,86399,'extrasuper','Lj_1303','Nao'),('comercial','zz_locucao_preco','extrasuper - locucao 79 centavos_sem_e.mp3',2,'2015-01-01','2038-01-01','1,2,3,4,5,6,7',0,86399,'extrasuper','Lj_1303','Nao'),('comercial','zz_locucao_preco','extrasuper - locucao 79 centavos.mp3',3,'2015-01-01','2038-01-01','1,2,3,4,5,6,7',0,86399,'extrasuper','Lj_1303','Nao'),('comercial','zz_locucao_preco','extrasuper - locucao 78 Reais.mp3',2,'2015-01-01','2038-01-01','1,2,3,4,5,6,7',0,86399,'extrasuper','Lj_1303','Nao'),('comercial','zz_locucao_preco','extrasuper - locucao 78 centavos_sem_e.mp3',2,'2015-01-01','2038-01-01','1,2,3,4,5,6,7',0,86399,'extrasuper','Lj_1303','Nao'),('comercial','zz_locucao_preco','extrasuper - locucao 78 centavos.mp3',3,'2015-01-01','2038-01-01','1,2,3,4,5,6,7',0,86399,'extrasuper','Lj_1303','Nao'),('comercial','zz_locucao_preco','extrasuper - locucao 77 Reais.mp3',2,'2015-01-01','2038-01-01','1,2,3,4,5,6,7',0,86399,'extrasuper','Lj_1303','Nao'),('comercial','zz_locucao_preco','extrasuper - locucao 77 centavos_sem_e.mp3',1,'2015-01-01','2038-01-01','1,2,3,4,5,6,7',0,86399,'extrasuper','Lj_1303','Nao'),('comercial','zz_locucao_preco','extrasuper - locucao 77 centavos.mp3',3,'2015-01-01','2038-01-01','1,2,3,4,5,6,7',0,86399,'extrasuper','Lj_1303','Nao'),('comercial','zz_locucao_preco','extrasuper - locucao 76 Reais.mp3',2,'2015-01-01','2038-01-01','1,2,3,4,5,6,7',0,86399,'extrasuper','Lj_1303','Nao'),('comercial','zz_locucao_preco','extrasuper - locucao 76 centavos_sem_e.mp3',1,'2015-01-01','2038-01-01','1,2,3,4,5,6,7',0,86399,'extrasuper','Lj_1303','Nao'),('comercial','zz_locucao_preco','extrasuper - locucao 76 centavos.mp3',2,'2015-01-01','2038-01-01','1,2,3,4,5,6,7',0,86399,'extrasuper','Lj_1303','Nao'),('comercial','zz_locucao_preco','extrasuper - locucao 75 Reais.mp3',2,'2015-01-01','2038-01-01','1,2,3,4,5,6,7',0,86399,'extrasuper','Lj_1303','Nao'),('comercial','zz_locucao_preco','extrasuper - locucao 75 centavos_sem_e.mp3',1,'2015-01-01','2038-01-01','1,2,3,4,5,6,7',0,86399,'extrasuper','Lj_1303','Nao'),('comercial','zz_locucao_preco','extrasuper - locucao 75 centavos.mp3',3,'2015-01-01','2038-01-01','1,2,3,4,5,6,7',0,86399,'extrasuper','Lj_1303','Nao'),('comercial','zz_locucao_preco','extrasuper - locucao 74 Reais.mp3',2,'2015-01-01','2038-01-01','1,2,3,4,5,6,7',0,86399,'extrasuper','Lj_1303','Nao'),('comercial','zz_locucao_preco','extrasuper - locucao 74 centavos_sem_e.mp3',2,'2015-01-01','2038-01-01','1,2,3,4,5,6,7',0,86399,'extrasuper','Lj_1303','Nao'),('comercial','zz_locucao_preco','extrasuper - locucao 74 centavos.mp3',2,'2015-01-01','2038-01-01','1,2,3,4,5,6,7',0,86399,'extrasuper','Lj_1303','Nao'),('comercial','zz_locucao_preco','extrasuper - locucao 73 Reais.mp3',2,'2015-01-01','2038-01-01','1,2,3,4,5,6,7',0,86399,'extrasuper','Lj_1303','Nao'),('comercial','zz_locucao_preco','extrasuper - locucao 73 centavos_sem_e.mp3',1,'2015-01-01','2038-01-01','1,2,3,4,5,6,7',0,86399,'extrasuper','Lj_1303','Nao'),('comercial','zz_locucao_preco','extrasuper - locucao 73 centavos.mp3',2,'2015-01-01','2038-01-01','1,2,3,4,5,6,7',0,86399,'extrasuper','Lj_1303','Nao'),('comercial','zz_locucao_preco','extrasuper - locucao 72 Reais.mp3',2,'2015-01-01','2038-01-01','1,2,3,4,5,6,7',0,86399,'extrasuper','Lj_1303','Nao'),('comercial','zz_locucao_preco','extrasuper - locucao 72 centavos_sem_e.mp3',1,'2015-01-01','2038-01-01','1,2,3,4,5,6,7',0,86399,'extrasuper','Lj_1303','Nao'),('comercial','zz_locucao_preco','extrasuper - locucao 72 centavos.mp3',3,'2015-01-01','2038-01-01','1,2,3,4,5,6,7',0,86399,'extrasuper','Lj_1303','Nao'),('comercial','zz_locucao_preco','extrasuper - locucao 71 Reais.mp3',2,'2015-01-01','2038-01-01','1,2,3,4,5,6,7',0,86399,'extrasuper','Lj_1303','Nao'),('comercial','zz_locucao_preco','extrasuper - locucao 71 centavos_sem_e.mp3',1,'2015-01-01','2038-01-01','1,2,3,4,5,6,7',0,86399,'extrasuper','Lj_1303','Nao'),('comercial','zz_locucao_preco','extrasuper - locucao 71 centavos.mp3',2,'2015-01-01','2038-01-01','1,2,3,4,5,6,7',0,86399,'extrasuper','Lj_1303','Nao'),('comercial','zz_locucao_preco','extrasuper - locucao 70 Reais.mp3',2,'2015-01-01','2038-01-01','1,2,3,4,5,6,7',0,86399,'extrasuper','Lj_1303','Nao'),('comercial','zz_locucao_preco','extrasuper - locucao 70 centavos_sem_e.mp3',1,'2015-01-01','2038-01-01','1,2,3,4,5,6,7',0,86399,'extrasuper','Lj_1303','Nao'),('comercial','zz_locucao_preco','extrasuper - locucao 70 centavos.mp3',2,'2015-01-01','2038-01-01','1,2,3,4,5,6,7',0,86399,'extrasuper','Lj_1303','Nao'),('comercial','zz_locucao_parcelamento','extrasuper - locucao 7 vezes de.mp3',1,'2015-01-01','2038-01-01','1,2,3,4,5,6,7',0,86399,'extrasuper','Lj_1303','Nao'),('comercial','zz_locucao_preco','extrasuper - locucao 7 Reais.mp3',1,'2015-01-01','2038-01-01','1,2,3,4,5,6,7',0,86399,'extrasuper','Lj_1303','Nao'),('comercial','zz_locucao_preco','extrasuper - locucao 7 centavos_sem_e.mp3',1,'2015-01-01','2038-01-01','1,2,3,4,5,6,7',0,86399,'extrasuper','Lj_1303','Nao'),('comercial','zz_locucao_preco','extrasuper - locucao 7 centavos.mp3',2,'2015-01-01','2038-01-01','1,2,3,4,5,6,7',0,86399,'extrasuper','Lj_1303','Nao'),('comercial','zz_locucao_produto_pereciveis','extrasuper - locucao creme de tomate ervas finas qualita 70g.mp3',4,'2015-01-01','2038-01-01','1,2,3,4,5,6,7',0,86399,'extrasuper','Lj_1303','Nao'),('comercial','zz_locucao_produto_pereciveis','extrasuper - locucao creme de galinha magi pacote 63g.mp3',4,'2015-01-01','2038-01-01','1,2,3,4,5,6,7',0,86399,'extrasuper','Lj_1303','Nao'),('comercial','zz_locucao_produto_acougue','extrasuper - locucao coxinha da asa de frango congelada o quilo.mp3',3,'2015-01-01','2038-01-01','1,2,3,4,5,6,7',0,86399,'extrasuper','Lj_1303','Nao'),('comercial','zz_locucao_produto_acougue','extrasuper - locucao coxa com sobrecoxa congelado o quilo.mp3',3,'2015-01-01','2038-01-01','1,2,3,4,5,6,7',0,86399,'extrasuper','Lj_1303','Nao'),('comercial','zz_locucao_produto_acougue','extrasuper - locucao corvina fresca inteira.mp3',2,'2015-01-01','2038-01-01','1,2,3,4,5,6,7',0,86399,'extrasuper','Lj_1303','Nao'),('comercial','zz_locucao_produto_bazar','extrasuper - locucao copos.mp3',1,'2015-01-01','2038-01-01','1,2,3,4,5,6,7',0,86399,'extrasuper','Lj_1303','Nao'),('comercial','zz_locucao_produto_bazar','extrasuper - locucao conjunto para massas euro home.mp3',2,'2015-01-01','2038-01-01','1,2,3,4,5,6,7',0,86399,'extrasuper','Lj_1303','Nao'),('comercial','zz_locucao_produto_bazar','extrasuper - locucao conjunto malas viagem.mp3',5,'2015-01-01','2038-01-01','1,2,3,4,5,6,7',0,86399,'extrasuper','Lj_1303','Nao'),('comercial','zz_locucao_produto_bazar','extrasuper - locucao conjunto de panelas inox com 5 pecas.mp3',5,'2015-01-01','2038-01-01','1,2,3,4,5,6,7',0,86399,'extrasuper','Lj_1303','Nao'),('comercial','zz_locucao_produto_bazar','extrasuper - locucao conjunto de jarra com 4 copos.mp3',3,'2015-01-01','2038-01-01','1,2,3,4,5,6,7',0,86399,'extrasuper','Lj_1303','Nao'),('comercial','zz_locucao_produto_bazar','extrasuper - locucao colchao inflavel casal bestway.mp3',3,'2015-01-01','2038-01-01','1,2,3,4,5,6,7',0,86399,'extrasuper','Lj_1303','Nao'),('comercial','zz_locucao_produto_mercearia','extrasuper - locucao cogumelo champignon inteiro campo belo 100g.mp3',3,'2015-01-01','2038-01-01','1,2,3,4,5,6,7',0,86399,'extrasuper','Lj_1303','Nao'),('comercial','zz_locucao_produto_diversos','extrasuper - locucao cocada queimada brasil caipira 200 g.mp3',3,'2015-01-01','2038-01-01','1,2,3,4,5,6,7',0,86399,'extrasuper','Lj_1303','Nao'),('comercial','zz_locucao_produto_bebidas','extrasuper - locucao coca cola garrafa 1,5l.mp3',4,'2015-01-01','2038-01-01','1,2,3,4,5,6,7',0,86399,'extrasuper','Lj_1303','Nao'),('comercial','zz_locucao_produto_bebidas','extrasuper - locucao coca cola 3 litros.mp3',2,'2015-01-01','2038-01-01','1,2,3,4,5,6,7',0,86399,'extrasuper','Lj_1303','Nao'),('comercial','zz_locucao_produto_bebidas','extrasuper - locucao coca cola 2,5 litros.mp3',2,'2015-01-01','2038-01-01','1,2,3,4,5,6,7',0,86399,'extrasuper','Lj_1303','Nao'),('comercial','zz_locucao_produto_eletro','extrasuper - locucao circulador de ar arno turbo silencio repelente.mp3',3,'2015-01-01','2038-01-01','1,2,3,4,5,6,7',0,86399,'extrasuper','Lj_1303','Nao'),('comercial','zz_locucao_produto_bazar','extrasuper - locucao chinelos.mp3',1,'2015-01-01','2038-01-01','1,2,3,4,5,6,7',0,86399,'extrasuper','Lj_1303','Nao'),('comercial','zz_locucao_produto_bebidas','extrasuper - locucao cerveja petra schwarzbier garrafa 500 ml.mp3',4,'2015-01-01','2038-01-01','1,2,3,4,5,6,7',0,86399,'extrasuper','Lj_1303','Nao'),('comercial','zz_locucao_produto_bebidas','extrasuper - locucao cerveja nova schin sem alcool lata 350 ml.mp3',4,'2015-01-01','2038-01-01','1,2,3,4,5,6,7',0,86399,'extrasuper','Lj_1303','Nao'),('comercial','zz_locucao_produto_bebidas','extrasuper - locucao cerveja caracu escura lata 350 ml.mp3',4,'2015-01-01','2038-01-01','1,2,3,4,5,6,7',0,86399,'extrasuper','Lj_1303','Nao'),('comercial','zz_locucao_produto_bebidas','extrasuper - locucao cerveja brahma zero lata 350 ml.mp3',4,'2015-01-01','2038-01-01','1,2,3,4,5,6,7',0,86399,'extrasuper','Lj_1303','Nao'),('comercial','zz_locucao_produto_feira','extrasuper - locucao cereja importada a granel 100 gramas.mp3',2,'2015-01-01','2038-01-01','1,2,3,4,5,6,7',0,86399,'extrasuper','Lj_1303','Nao'),('comercial','zz_locucao_produto_feira','extrasuper - locucao cenoura a granel o quilo.mp3',2,'2015-01-01','2038-01-01','1,2,3,4,5,6,7',0,86399,'extrasuper','Lj_1303','Nao'),('comercial','zz_locucao_produto_pereciveis','extrasuper - locucao carpaccio congelado wassel 250g.mp3',3,'2015-01-01','2038-01-01','1,2,3,4,5,6,7',0,86399,'extrasuper','Lj_1303','Nao'),('comercial','zz_locucao_produto_acougue','extrasuper - locucao carne seca ponta de agulha o quilo.mp3',2,'2015-01-01','2038-01-01','1,2,3,4,5,6,7',0,86399,'extrasuper','Lj_1303','Nao'),('comercial','zz_locucao_produto_pereciveis','extrasuper - locucao canjao de galinha maggi 200g.mp3',4,'2015-01-01','2038-01-01','1,2,3,4,5,6,7',0,86399,'extrasuper','Lj_1303','Nao'),('comercial','zz_locucao_produto_pereciveis','extrasuper - locucao canjao de galinha kitano 200g.mp3',4,'2015-01-01','2038-01-01','1,2,3,4,5,6,7',0,86399,'extrasuper','Lj_1303','Nao'),('comercial','zz_locucao_produto_bazar','extrasuper - locucao canecas.mp3',0,'2015-01-01','2038-01-01','1,2,3,4,5,6,7',0,86399,'extrasuper','Lj_1303','Nao'),('comercial','zz_locucao_produto_eletro','extrasuper - locucao camera sony digital acompanha lente.mp3',3,'2015-01-01','2038-01-01','1,2,3,4,5,6,7',0,86399,'extrasuper','Lj_1303','Nao'),('comercial','zz_locucao_produto_eletro','extrasuper - locucao camera digital sony cibershot.mp3',8,'2015-01-01','2038-01-01','1,2,3,4,5,6,7',0,86399,'extrasuper','Lj_1303','Nao'),('comercial','zz_locucao_produto_acougue','extrasuper - locucao camarao cinza inteiro.mp3',2,'2015-01-01','2038-01-01','1,2,3,4,5,6,7',0,86399,'extrasuper','Lj_1303','Nao'),('comercial','zz_locucao_produto_diversos','extrasuper - locucao caldo legumes maggi 63 g.mp3',5,'2015-01-01','2038-01-01','1,2,3,4,5,6,7',0,86399,'extrasuper','Lj_1303','Nao'),('comercial','zz_locucao_produto_diversos','extrasuper - locucao caldo de carne kitano 45 g.mp3',6,'2015-01-01','2038-01-01','1,2,3,4,5,6,7',0,86399,'extrasuper','Lj_1303','Nao'),('comercial','zz_locucao_produto_pereciveis','extrasuper - locucao cafe torrado e moido melita 500 gramas.mp3',3,'2015-01-01','2038-01-01','1,2,3,4,5,6,7',0,86399,'extrasuper','Lj_1303','Nao'),('comercial','zz_locucao_produto_bazar','extrasuper - locucao cadeira home office fusion com encosto.mp3',4,'2015-01-01','2038-01-01','1,2,3,4,5,6,7',0,86399,'extrasuper','Lj_1303','Nao'),('comercial','zz_locucao_produto_padaria','extrasuper - locucao bolo laranja bauduco 220 g.mp3',3,'2015-01-01','2038-01-01','1,2,3,4,5,6,7',0,86399,'extrasuper','Lj_1303','Nao'),('comercial','zz_locucao_produto_padaria','extrasuper - locucao bolo gotas chocolate ana maria 80 g.mp3',5,'2015-01-01','2038-01-01','1,2,3,4,5,6,7',0,86399,'extrasuper','Lj_1303','Nao'),('comercial','zz_locucao_produto_padaria','extrasuper - locucao bolinho meio amargo parmalat 117 g.mp3',5,'2015-01-01','2038-01-01','1,2,3,4,5,6,7',0,86399,'extrasuper','Lj_1303','Nao'),('comercial','zz_locucao_produto_acougue','extrasuper - locucao bisteca suina o quilo.mp3',1,'2015-01-01','2038-01-01','1,2,3,4,5,6,7',0,86399,'extrasuper','Lj_1303','Nao'),('comercial','zz_locucao_produto_padaria','extrasuper - locucao biscoito receita de familia polvilho 100 g.mp3',5,'2015-01-01','2038-01-01','1,2,3,4,5,6,7',0,86399,'extrasuper','Lj_1303','Nao'),('comercial','zz_locucao_produto_padaria','extrasuper - locucao biscoito qualita polvilho queijo 100 g.mp3',4,'2015-01-01','2038-01-01','1,2,3,4,5,6,7',0,86399,'extrasuper','Lj_1303','Nao'),('comercial','zz_locucao_produto_bazar','extrasuper - locucao bicicleta caloi 21 velocidades.mp3',5,'2015-01-01','2038-01-01','1,2,3,4,5,6,7',0,86399,'extrasuper','Lj_1303','Nao'),('comercial','zz_locucao_produto_bebidas','extrasuper - locucao bebida organica isolabio 1 litro.mp3',2,'2015-01-01','2038-01-01','1,2,3,4,5,6,7',0,86399,'extrasuper','Lj_1303','Nao'),('comercial','zz_locucao_produto_bebidas','extrasuper - locucao bebida mista grape cool lata 350ml.mp3',4,'2015-01-01','2038-01-01','1,2,3,4,5,6,7',0,86399,'extrasuper','Lj_1303','Nao'),('comercial','zz_locucao_produto_bebidas','extrasuper - locucao bebida a base de soja soyos sufresh 200ml.mp3',5,'2015-01-01','2038-01-01','1,2,3,4,5,6,7',0,86399,'extrasuper','Lj_1303','Nao'),('comercial','zz_locucao_produto_feira','extrasuper - locucao batata a granel o quilo.mp3',2,'2015-01-01','2038-01-01','1,2,3,4,5,6,7',0,86399,'extrasuper','Lj_1303','Nao'),('comercial','zz_locucao_produto_bazar','extrasuper - locucao bastao selfie.mp3',5,'2015-01-01','2038-01-01','1,2,3,4,5,6,7',0,86399,'extrasuper','Lj_1303','Nao'),('comercial','zz_locucao_produto_bazar','extrasuper - locucao banqueta preta.mp3',2,'2015-01-01','2038-01-01','1,2,3,4,5,6,7',0,86399,'extrasuper','Lj_1303','Nao'),('comercial','zz_locucao_produto_feira','extrasuper - locucao banana dagua o quilo.mp3',2,'2015-01-01','2038-01-01','1,2,3,4,5,6,7',0,86399,'extrasuper','Lj_1303','Nao'),('comercial','zz_locucao_produto_acougue','extrasuper - locucao bacalhau porto imperial a granel o quilo.mp3',2,'2015-01-01','2038-01-01','1,2,3,4,5,6,7',0,86399,'extrasuper','Lj_1303','Nao'),('comercial','zz_locucao_produto_acougue','extrasuper - locucao bacalhau do porto a granel o quilo.mp3',2,'2015-01-01','2038-01-01','1,2,3,4,5,6,7',0,86399,'extrasuper','Lj_1303','Nao'),('comercial','zz_locucao_produto_pereciveis','extrasuper - locucao azeitona preta qualita vidro 350 g.mp3',6,'2015-01-01','2038-01-01','1,2,3,4,5,6,7',0,86399,'extrasuper','Lj_1303','Nao'),('comercial','zz_locucao_produto_pereciveis','extrasuper - locucao azeite portugues extra virgem quinta da serra 500 ml.mp3',4,'2015-01-01','2038-01-01','1,2,3,4,5,6,7',0,86399,'extrasuper','Lj_1303','Nao'),('comercial','zz_locucao_produto_pereciveis','extrasuper - locucao azeite portugues extra virgem gallo 500ml.mp3',3,'2015-01-01','2038-01-01','1,2,3,4,5,6,7',0,86399,'extrasuper','Lj_1303','Nao'),('comercial','zz_locucao_avisos','extrasuper - locucao aviso pao quentinho.mp3',19,'2015-01-01','2038-01-01','1,2,3,4,5,6,7',0,86399,'extrasuper','Lj_1303','Nao'),('comercial','zz_locucao_produto_diversos','extrasuper - locucao atum pedacos light coqueiro lata 110 g.mp3',6,'2015-01-01','2038-01-01','1,2,3,4,5,6,7',0,86399,'extrasuper','Lj_1303','Nao'),('comercial','zz_locucao_produto_bazar','extrasuper - locucao assadeira retangular com tampa marinex.mp3',4,'2015-01-01','2038-01-01','1,2,3,4,5,6,7',0,86399,'extrasuper','Lj_1303','Nao'),('comercial','zz_locucao_produto_bazar','extrasuper - locucao assadeira oval com tampa marinex.mp3',3,'2015-01-01','2038-01-01','1,2,3,4,5,6,7',0,86399,'extrasuper','Lj_1303','Nao'),('comercial','zz_locucao_produto_bazar','extrasuper - locucao aspirador de po eletrolux lite.mp3',2,'2015-01-01','2038-01-01','1,2,3,4,5,6,7',0,86399,'extrasuper','Lj_1303','Nao'),('comercial','zz_locucao_produto_eletro','extrasuper - locucao aspirador de po electrolux nano nan.mp3',3,'2015-01-01','2038-01-01','1,2,3,4,5,6,7',0,86399,'extrasuper','Lj_1303','Nao'),('comercial','zz_locucao_produto_eletro','extrasuper - locucao aspirador de po electrolux lite.mp3',2,'2015-01-01','2038-01-01','1,2,3,4,5,6,7',0,86399,'extrasuper','Lj_1303','Nao'),('comercial','zz_locucao_produto_pereciveis','extrasuper - locucao arroz longo pre pronto casino caixa 500g.mp3',4,'2015-01-01','2038-01-01','1,2,3,4,5,6,7',0,86399,'extrasuper','Lj_1303','Nao'),('comercial','zz_locucao_produto_pereciveis','extrasuper - locucao arroz com tomate e manjericao cozinha e sabor tio joao 250g.mp3',6,'2015-01-01','2038-01-01','1,2,3,4,5,6,7',0,86399,'extrasuper','Lj_1303','Nao'),('comercial','zz_locucao_produto_pereciveis','extrasuper - locucao arroz agulinha mais vita tipo 1 tio joao 1kg.mp3',5,'2015-01-01','2038-01-01','1,2,3,4,5,6,7',0,86399,'extrasuper','Lj_1303','Nao'),('comercial','zz_locucao_produto_pereciveis','extrasuper - locucao arroz agulhinha camil 5 quilos.mp3',2,'2015-01-01','2038-01-01','1,2,3,4,5,6,7',0,86399,'extrasuper','Lj_1303','Nao'),('comercial','zz_locucao_produto_pereciveis','extrasuper - locucao arroz agulhinha camil 1 quilo.mp3',2,'2015-01-01','2038-01-01','1,2,3,4,5,6,7',0,86399,'extrasuper','Lj_1303','Nao'),('comercial','zz_locucao_produto_eletro','extrasuper - locucao ar condicionado split.mp3',2,'2015-01-01','2038-01-01','1,2,3,4,5,6,7',0,86399,'extrasuper','Lj_1303','Nao'),('comercial','zz_locucao_produto_eletro','extrasuper - locucao aquecedor halogeno mondial.mp3',3,'2015-01-01','2038-01-01','1,2,3,4,5,6,7',0,86399,'extrasuper','Lj_1303','Nao'),('comercial','zz_locucao_produto_eletro','extrasuper - locucao aquecedor a oleo mondial.mp3',2,'2015-01-01','2038-01-01','1,2,3,4,5,6,7',0,86399,'extrasuper','Lj_1303','Nao'),('comercial','zz_locucao_fechamento','extrasuper - locucao Aproveite Agora mesmo.mp3',1,'2015-01-01','2038-01-01','1,2,3,4,5,6,7',0,86399,'extrasuper','Lj_1303','Nao'),('comercial','zz_locucao_produto_bazar','extrasuper - locucao aparelho de jantar porcelana.mp3',3,'2015-01-01','2038-01-01','1,2,3,4,5,6,7',0,86399,'extrasuper','Lj_1303','Nao'),('comercial','zz_locucao_produto_bazar','extrasuper - locucao aparelho de jantar classic 8 pecas.mp3',4,'2015-01-01','2038-01-01','1,2,3,4,5,6,7',0,86399,'extrasuper','Lj_1303','Nao'),('comercial','zz_locucao_produto_bazar','extrasuper - locucao aparelho de jantar cha e cafe schmidt prisma com 42 pecas.mp3',5,'2015-01-01','2038-01-01','1,2,3,4,5,6,7',0,86399,'extrasuper','Lj_1303','Nao'),('comercial','zz_locucao_produto_feira','extrasuper - locucao ameixa rosada nacional a granel o quilo.mp3',3,'2015-01-01','2038-01-01','1,2,3,4,5,6,7',0,86399,'extrasuper','Lj_1303','Nao'),('comercial','zz_locucao_produto_limpeza','extrasuper - locucao amaciante para roupas mon biju 2 litros.mp3',3,'2015-01-01','2038-01-01','1,2,3,4,5,6,7',0,86399,'extrasuper','Lj_1303','Nao'),('comercial','zz_locucao_produto_feira','extrasuper - locucao alho a granel o quilo.mp3',1,'2015-01-01','2038-01-01','1,2,3,4,5,6,7',0,86399,'extrasuper','Lj_1303','Nao'),('comercial','zz_locucao_produto_acougue','extrasuper - locucao alcatra bovina resfriada peca.mp3',2,'2015-01-01','2038-01-01','1,2,3,4,5,6,7',0,86399,'extrasuper','Lj_1303','Nao'),('comercial','zz_locucao_produto_bebidas','extrasuper - locucao agua tonica classic com limao 1,5 l.mp3',3,'2015-01-01','2038-01-01','1,2,3,4,5,6,7',0,86399,'extrasuper','Lj_1303','Nao'),('comercial','zz_locucao_produto_bebidas','extrasuper - locucao agua com gas mineral crystal garrafa 1,5 litro.mp3',4,'2015-01-01','2038-01-01','1,2,3,4,5,6,7',0,86399,'extrasuper','Lj_1303','Nao'),('comercial','zz_locucao_produto_pereciveis','extrasuper - locucao adocante liquido zero cal 100 ml.mp3',2,'2015-01-01','2038-01-01','1,2,3,4,5,6,7',0,86399,'extrasuper','Lj_1303','Nao'),('comercial','zz_locucao_produto_pereciveis','extrasuper - locucao acucar refinado uniao 1 quilo.mp3',2,'2015-01-01','2038-01-01','1,2,3,4,5,6,7',0,86399,'extrasuper','Lj_1303','Nao'),('comercial','zz_locucao_produto_pereciveis','extrasuper - locucao acucar refinado da barra 1kg.mp3',3,'2015-01-01','2038-01-01','1,2,3,4,5,6,7',0,86399,'extrasuper','Lj_1303','Nao'),('comercial','zz_locucao_produto_acougue','extrasuper - locucao acem bovino pedaco o quilo.mp3',2,'2015-01-01','2038-01-01','1,2,3,4,5,6,7',0,86399,'extrasuper','Lj_1303','Nao'),('comercial','zz_locucao_produto_pereciveis','extrasuper - locucao abobrinha na brasa la pastina vidro 130 g.mp3',5,'2015-01-01','2038-01-01','1,2,3,4,5,6,7',0,86399,'extrasuper','Lj_1303','Nao'),('comercial','zz_locucao_produto_feira','extrasuper - locucao abobrinha italiana o quilo.mp3',2,'2015-01-01','2038-01-01','1,2,3,4,5,6,7',0,86399,'extrasuper','Lj_1303','Nao'),('comercial','zz_locucao_produto_pereciveis','extrasuper - locucao oleo de soja soya 900ml.mp3',2,'2015-01-01','2038-01-01','1,2,3,4,5,6,7',0,86399,'extrasuper','Lj_1303','Nao'),('comercial','zz_locucao_produto_pereciveis','extrasuper - locucao oleo de milho liza 900ml.mp3',2,'2015-01-01','2038-01-01','1,2,3,4,5,6,7',0,86399,'extrasuper','Lj_1303','Nao'),('comercial','zz_locucao_fechamento','extrasuper - locucao Ofertas Validas Para Hoje.mp3',3,'2015-01-01','2038-01-01','1,2,3,4,5,6,7',0,86399,'extrasuper','Lj_1303','Nao'),('comercial','zz_locucao_fechamento','extrasuper - locucao Ofertas Validas Para Este FDS.mp3',4,'2015-01-01','2038-01-01','1,2,3,4,5,6,7',0,86399,'extrasuper','Lj_1303','Nao'),('comercial','zz_locucao_produto_eletro','extrasuper - locucao notebook samsung core i3.mp3',8,'2015-01-01','2038-01-01','1,2,3,4,5,6,7',0,86399,'extrasuper','Lj_1303','Nao'),('comercial','zz_locucao_produto_eletro','extrasuper - locucao notebook positivo intel i3 cor cinza.mp3',6,'2015-01-01','2038-01-01','1,2,3,4,5,6,7',0,86399,'extrasuper','Lj_1303','Nao'),('comercial','zz_locucao_produto_eletro','extrasuper - locucao notebook positivo destacavel touch.mp3',5,'2015-01-01','2038-01-01','1,2,3,4,5,6,7',0,86399,'extrasuper','Lj_1303','Nao'),('comercial','zz_locucao_produto_eletro','extrasuper - locucao notebook asus i3 windows 8.mp3',4,'2015-01-01','2038-01-01','1,2,3,4,5,6,7',0,86399,'extrasuper','Lj_1303','Nao'),('comercial','zz_locucao_produto_eletro','extrasuper - locucao notebook acer com i3 intel 4gb.mp3',17,'2015-01-01','2038-01-01','1,2,3,4,5,6,7',0,86399,'extrasuper','Lj_1303','Nao'),('comercial','zz_locucao_produto_eletro','extrasuper - locucao nokia lumia 630.mp3',4,'2015-01-01','2038-01-01','1,2,3,4,5,6,7',0,86399,'extrasuper','Lj_1303','Nao'),('comercial','zz_locucao_produto_pereciveis','extrasuper - locucao molho salada liza limao 234 ml.mp3',4,'2015-01-01','2038-01-01','1,2,3,4,5,6,7',0,86399,'extrasuper','Lj_1303','Nao'),('comercial','zz_locucao_produto_pereciveis','extrasuper - locucao molho de tomate refogado predilecta 340 g.mp3',4,'2015-01-01','2038-01-01','1,2,3,4,5,6,7',0,86399,'extrasuper','Lj_1303','Nao'),('comercial','zz_locucao_produto_pereciveis','extrasuper - locucao molho de alho kenko 150 ml.mp3',3,'2015-01-01','2038-01-01','1,2,3,4,5,6,7',0,86399,'extrasuper','Lj_1303','Nao'),('comercial','zz_locucao_produto_eletro','extrasuper - locucao microondas 20 litros.mp3',3,'2015-01-01','2038-01-01','1,2,3,4,5,6,7',0,86399,'extrasuper','Lj_1303','Nao'),('comercial','zz_locucao_produto_bazar','extrasuper - locucao mesa para computador barcelona irlanda com armario.mp3',3,'2015-01-01','2038-01-01','1,2,3,4,5,6,7',0,86399,'extrasuper','Lj_1303','Nao'),('comercial','zz_locucao_produto_feira','extrasuper - locucao melao amarelo o quilo.mp3',1,'2015-01-01','2038-01-01','1,2,3,4,5,6,7',0,86399,'extrasuper','Lj_1303','Nao'),('comercial','zz_locucao_produto_feira','extrasuper - locucao melancia o quilo.mp3',1,'2015-01-01','2038-01-01','1,2,3,4,5,6,7',0,86399,'extrasuper','Lj_1303','Nao'),('comercial','zz_locucao_produto_feira','extrasuper - locucao melancia inteira.mp3',1,'2015-01-01','2038-01-01','1,2,3,4,5,6,7',0,86399,'extrasuper','Lj_1303','Nao'),('comercial','zz_locucao_produto_pereciveis','extrasuper - locucao massa lasanha massa leve 500g.mp3',4,'2015-01-01','2038-01-01','1,2,3,4,5,6,7',0,86399,'extrasuper','Lj_1303','Nao'),('comercial','zz_locucao_produto_diversos','extrasuper - locucao massa de soja shiromisso 500 g.mp3',4,'2015-01-01','2038-01-01','1,2,3,4,5,6,7',0,86399,'extrasuper','Lj_1303','Nao'),('comercial','zz_locucao_produto_mercearia','extrasuper - locucao margarina delicia cremosa pote com 500g.mp3',3,'2015-01-01','2038-01-01','1,2,3,4,5,6,7',0,86399,'extrasuper','Lj_1303','Nao'),('comercial','zz_locucao_produto_feira','extrasuper - locucao manga kent o quilo.mp3',2,'2015-01-01','2038-01-01','1,2,3,4,5,6,7',0,86399,'extrasuper','Lj_1303','Nao'),('comercial','zz_locucao_produto_feira','extrasuper - locucao mamao formosa o quilo.mp3',1,'2015-01-01','2038-01-01','1,2,3,4,5,6,7',0,86399,'extrasuper','Lj_1303','Nao'),('comercial','zz_locucao_fechamento','extrasuper - locucao Mais Barato Mesmo.mp3',3,'2015-01-01','2038-01-01','1,2,3,4,5,6,7',0,86399,'extrasuper','Lj_1303','Nao'),('comercial','zz_locucao_produto_mercearia','extrasuper - locucao maionese hellmans tradicional 500g.mp3',3,'2015-01-01','2038-01-01','1,2,3,4,5,6,7',0,86399,'extrasuper','Lj_1303','Nao'),('comercial','zz_locucao_produto_pereciveis','extrasuper - locucao maionese hellmans squeeze 335 g.mp3',4,'2015-01-01','2038-01-01','1,2,3,4,5,6,7',0,86399,'extrasuper','Lj_1303','Nao'),('comercial','zz_locucao_produto_pereciveis','extrasuper - locucao macarrao oriental myako 200g.mp3',3,'2015-01-01','2038-01-01','1,2,3,4,5,6,7',0,86399,'extrasuper','Lj_1303','Nao'),('comercial','zz_locucao_produto_pereciveis','extrasuper - locucao macarrao italiano integral farfalle barilla 500g.mp3',5,'2015-01-01','2038-01-01','1,2,3,4,5,6,7',0,86399,'extrasuper','Lj_1303','Nao'),('comercial','zz_locucao_produto_pereciveis','extrasuper - locucao macarrao italiano alfabeto de cecco pacote 500g.mp3',4,'2015-01-01','2038-01-01','1,2,3,4,5,6,7',0,86399,'extrasuper','Lj_1303','Nao'),('comercial','zz_locucao_produto_pereciveis','extrasuper - locucao macarrao instantaneo renata lamen sabor carne 85g.mp3',4,'2015-01-01','2038-01-01','1,2,3,4,5,6,7',0,86399,'extrasuper','Lj_1303','Nao'),('comercial','zz_locucao_produto_pereciveis','extrasuper - locucao macarrao instantaneo nissin lamen espaguete 500g.mp3',4,'2015-01-01','2038-01-01','1,2,3,4,5,6,7',0,86399,'extrasuper','Lj_1303','Nao'),('comercial','zz_locucao_produto_pereciveis','extrasuper - locucao macarrao frances farfalles casino pacote 500g.mp3',5,'2015-01-01','2038-01-01','1,2,3,4,5,6,7',0,86399,'extrasuper','Lj_1303','Nao'),('comercial','zz_locucao_produto_pereciveis','extrasuper - locucao macarrao com ovos ninho dona benta pacote 500g.mp3',4,'2015-01-01','2038-01-01','1,2,3,4,5,6,7',0,86399,'extrasuper','Lj_1303','Nao'),('comercial','zz_locucao_produto_pereciveis','extrasuper - locucao macarrao com ovos espaguete renata 500g.mp3',4,'2015-01-01','2038-01-01','1,2,3,4,5,6,7',0,86399,'extrasuper','Lj_1303','Nao'),('comercial','zz_locucao_produto_pereciveis','extrasuper - locucao macarrao caseiro gravata qualita pacote 500g.mp3',4,'2015-01-01','2038-01-01','1,2,3,4,5,6,7',0,86399,'extrasuper','Lj_1303','Nao'),('comercial','zz_locucao_produto_feira','extrasuper - locucao maca red a granel o quilo.mp3',3,'2015-01-01','2038-01-01','1,2,3,4,5,6,7',0,86399,'extrasuper','Lj_1303','Nao'),('comercial','zz_locucao_produto_bebidas','extrasuper - locucao locucao coca cola 350 ml pc com 6 unidade.mp3',8,'2015-01-01','2038-01-01','1,2,3,4,5,6,7',0,86399,'extrasuper','Lj_1303','Nao'),('comercial','zz_locucao_produto_acougue','extrasuper - locucao linguica para churrasco o quilo.mp3',2,'2015-01-01','2038-01-01','1,2,3,4,5,6,7',0,86399,'extrasuper','Lj_1303','Nao'),('comercial','zz_locucao_produto_acougue','extrasuper - locucao linguica calabresa ceara a granel.mp3',2,'2015-01-01','2038-01-01','1,2,3,4,5,6,7',0,86399,'extrasuper','Lj_1303','Nao'),('comercial','zz_locucao_produto_feira','extrasuper - locucao limao tahiti a granel o quilo.mp3',2,'2015-01-01','2038-01-01','1,2,3,4,5,6,7',0,86399,'extrasuper','Lj_1303','Nao'),('comercial','zz_locucao_produto_bebidas','extrasuper - locucao leite longa vida parmalat 1 litro.mp3',3,'2015-01-01','2038-01-01','1,2,3,4,5,6,7',0,86399,'extrasuper','Lj_1303','Nao'),('comercial','zz_locucao_produto_bebidas','extrasuper - locucao leite longa vida jussara 1 litro.mp3',2,'2015-01-01','2038-01-01','1,2,3,4,5,6,7',0,86399,'extrasuper','Lj_1303','Nao'),('comercial','zz_locucao_produto_bebidas','extrasuper - locucao leite longa vida integral italac 1 litro.mp3',3,'2015-01-01','2038-01-01','1,2,3,4,5,6,7',0,86399,'extrasuper','Lj_1303','Nao'),('comercial','zz_locucao_produto_eletro','extrasuper - locucao led 42 full hd lg com conversor digital.mp3',8,'2015-01-01','2038-01-01','1,2,3,4,5,6,7',0,86399,'extrasuper','Lj_1303','Nao'),('comercial','zz_locucao_produto_eletro','extrasuper - locucao lavadora de roupas eletrolux 15kg.mp3',6,'2015-01-01','2038-01-01','1,2,3,4,5,6,7',0,86399,'extrasuper','Lj_1303','Nao'),('comercial','zz_locucao_produto_eletro','extrasuper - locucao lavadora de roupas 11kg brastemp ative.mp3',5,'2015-01-01','2038-01-01','1,2,3,4,5,6,7',0,86399,'extrasuper','Lj_1303','Nao'),('comercial','zz_locucao_produto_pereciveis','extrasuper - locucao lasanha francesa casino 500g.mp3',3,'2015-01-01','2038-01-01','1,2,3,4,5,6,7',0,86399,'extrasuper','Lj_1303','Nao'),('comercial','zz_locucao_produto_diversos','extrasuper - locucao kit vitoria sadia.mp3',1,'2015-01-01','2038-01-01','1,2,3,4,5,6,7',0,86399,'extrasuper','Lj_1303','Nao'),('comercial','zz_locucao_produto_pereciveis','extrasuper - locucao ketchup hellmans squezee 380 g.mp3',5,'2015-01-01','2038-01-01','1,2,3,4,5,6,7',0,86399,'extrasuper','Lj_1303','Nao'),('comercial','zz_locucao_produto_bazar','extrasuper - locucao jogo de camas cobre.mp3',2,'2015-01-01','2038-01-01','1,2,3,4,5,6,7',0,86399,'extrasuper','Lj_1303','Nao'),('comercial','zz_locucao_produto_bazar','extrasuper - locucao jogo de cama algodao.mp3',5,'2015-01-01','2038-01-01','1,2,3,4,5,6,7',0,86399,'extrasuper','Lj_1303','Nao'),('comercial','zz_locucao_produto_bazar','extrasuper - locucao jarra buzios.mp3',1,'2015-01-01','2038-01-01','1,2,3,4,5,6,7',0,86399,'extrasuper','Lj_1303','Nao'),('comercial','zz_locucao_abertura','extrasuper - locucao hhh quarta extra.mp3',19,'2015-01-01','2038-01-01','1,2,3,4,5,6,7',0,86399,'extrasuper','Lj_1303','Nao'),('comercial','zz_locucao_abertura','extrasuper - locucao hhh ofertas fim de semana.mp3',18,'2015-01-01','2038-01-01','1,2,3,4,5,6,7',0,86399,'extrasuper','Lj_1303','Nao'),('comercial','zz_locucao_produto_bebidas','extrasuper - locucao guarana antartica 1 litro e meio.mp3',2,'2015-01-01','2038-01-01','1,2,3,4,5,6,7',0,86399,'extrasuper','Lj_1303','Nao'),('comercial','zz_locucao_produto_bazar','extrasuper - locucao fritadeira sem oleo.mp3',1,'2015-01-01','2038-01-01','1,2,3,4,5,6,7',0,86399,'extrasuper','Lj_1303','Nao'),('comercial','zz_locucao_produto_bazar','extrasuper - locucao frigideira com espatula de ovo.mp3',3,'2015-01-01','2038-01-01','1,2,3,4,5,6,7',0,86399,'extrasuper','Lj_1303','Nao'),('comercial','zz_locucao_produto_bazar','extrasuper - locucao frigideira color com espatula.mp3',3,'2015-01-01','2038-01-01','1,2,3,4,5,6,7',0,86399,'extrasuper','Lj_1303','Nao'),('comercial','zz_locucao_produto_acougue','extrasuper - locucao frango congelado sadia kg.mp3',2,'2015-01-01','2038-01-01','1,2,3,4,5,6,7',0,86399,'extrasuper','Lj_1303','Nao'),('comercial','zz_locucao_produto_acougue','extrasuper - locucao frango congelado sadia 2 kg.mp3',3,'2015-01-01','2038-01-01','1,2,3,4,5,6,7',0,86399,'extrasuper','Lj_1303','Nao'),('comercial','zz_locucao_produto_acougue','extrasuper - locucao fraldinha peca bovina o quilo.mp3',2,'2015-01-01','2038-01-01','1,2,3,4,5,6,7',0,86399,'extrasuper','Lj_1303','Nao'),('comercial','zz_locucao_produto_acougue','extrasuper - locucao fraldinha bovina peca.mp3',1,'2015-01-01','2038-01-01','1,2,3,4,5,6,7',0,86399,'extrasuper','Lj_1303','Nao'),('comercial','zz_locucao_produto_acougue','extrasuper - locucao file de polaca do alaska congelada pacote com 1 quilo.mp3',4,'2015-01-01','2038-01-01','1,2,3,4,5,6,7',0,86399,'extrasuper','Lj_1303','Nao'),('comercial','zz_locucao_produto_acougue','extrasuper - locucao file de peito de frango congelado o quilo.mp3',2,'2015-01-01','2038-01-01','1,2,3,4,5,6,7',0,86399,'extrasuper','Lj_1303','Nao'),('comercial','zz_locucao_produto_pereciveis','extrasuper - locucao feijao fradinho camil pacote 500g.mp3',3,'2015-01-01','2038-01-01','1,2,3,4,5,6,7',0,86399,'extrasuper','Lj_1303','Nao'),('comercial','zz_locucao_produto_pereciveis','extrasuper - locucao feijao branco camil pacote 500g.mp3',3,'2015-01-01','2038-01-01','1,2,3,4,5,6,7',0,86399,'extrasuper','Lj_1303','Nao'),('comercial','zz_locucao_abertura','extrasuper - locucao eej Seja Bem Vindo.mp3',6,'2015-01-01','2038-01-01','1,2,3,4,5,6,7',0,86399,'extrasuper','Lj_1303','Nao'),('comercial','zz_locucao_abertura','extrasuper - locucao eee Boa Tarde.mp3',9,'2015-01-01','2038-01-01','1,2,3,4,5,6,7',0,86399,'extrasuper','Lj_1303','Nao'),('comercial','zz_locucao_abertura','extrasuper - locucao eec Bom Dia.mp3',9,'2015-01-01','2038-01-01','1,2,3,4,5,6,7',0,86399,'extrasuper','Lj_1303','Nao'),('comercial','zz_locucao_fechamento','extrasuper - locucao E o Mais Barato Sempre.mp3',3,'2015-01-01','2038-01-01','1,2,3,4,5,6,7',0,86399,'extrasuper','Lj_1303','Nao'),('comercial','zz_locucao_produto_limpeza','extrasuper - locucao detergente liquido ype neutro 500 ml.mp3',3,'2015-01-01','2038-01-01','1,2,3,4,5,6,7',0,86399,'extrasuper','Lj_1303','Nao'),('comercial','zz_locucao_produto_limpeza','extrasuper - locucao detergente liquido concentrado tide.mp3',5,'2015-01-01','2038-01-01','1,2,3,4,5,6,7',0,86399,'extrasuper','Lj_1303','Nao'),('comercial','zz_locucao_produto_limpeza','extrasuper - locucao detergente em po ace pacote 2kg.mp3',3,'2015-01-01','2038-01-01','1,2,3,4,5,6,7',0,86399,'extrasuper','Lj_1303','Nao'),('comercial','zz_locucao_produto_eletro','extrasuper - locucao xbox one com controle e kinect.mp3',9,'2015-01-01','2038-01-01','1,2,3,4,5,6,7',0,86399,'extrasuper','Lj_1303','Nao'),('comercial','Vinhetas_Pontes','extrasuper - Jingle 123 Super.mp3',0,'2016-04-14','2026-04-14','1,2,3,4,5,6,7',0,86399,'extrasuper','Lj_1303','Nao'),('comercial','zz_locucao_produto_bebidas','extrasuper - locucao vinho chileno branco gato negro chardonnay garrafa 750 ml.mp3',5,'2015-01-01','2038-01-01','1,2,3,4,5,6,7',0,86399,'extrasuper','Lj_1303','Nao'),('comercial','zz_locucao_produto_bebidas','extrasuper - locucao vinho argentino norton cocecha tardia garrafa 750 ml.mp3',5,'2015-01-01','2038-01-01','1,2,3,4,5,6,7',0,86399,'extrasuper','Lj_1303','Nao'),('comercial','zz_locucao_produto_pereciveis','extrasuper - locucao vinagre de arroz castelo 750 ml.mp3',3,'2015-01-01','2038-01-01','1,2,3,4,5,6,7',0,86399,'extrasuper','Lj_1303','Nao'),('comercial','zz_locucao_produto_eletro','extrasuper - locucao tv led fullhd conversor digital.mp3',5,'2015-01-01','2038-01-01','1,2,3,4,5,6,7',0,86399,'extrasuper','Lj_1303','Nao'),('comercial','zz_locucao_produto_eletro','extrasuper - locucao tv led 40 samsung fullhd com conversor digital.mp3',8,'2015-01-01','2038-01-01','1,2,3,4,5,6,7',0,86399,'extrasuper','Lj_1303','Nao'),('comercial','zz_locucao_produto_eletro','extrasuper - locucao tv led 24 polegadas cce.mp3',3,'2015-01-01','2038-01-01','1,2,3,4,5,6,7',0,86399,'extrasuper','Lj_1303','Nao'),('comercial','zz_locucao_produto_eletro','extrasuper - locucao tv 60polegadas full hd.mp3',4,'2015-01-01','2038-01-01','1,2,3,4,5,6,7',0,86399,'extrasuper','Lj_1303','Nao'),('comercial','zz_locucao_produto_eletro','extrasuper - locucao tv 28 polegadas led.mp3',2,'2015-01-01','2038-01-01','1,2,3,4,5,6,7',0,86399,'extrasuper','Lj_1303','Nao'),('comercial','zz_locucao_produto_bazar','extrasuper - locucao travesseiros.mp3',1,'2015-01-01','2038-01-01','1,2,3,4,5,6,7',0,86399,'extrasuper','Lj_1303','Nao'),('comercial','zz_locucao_produto_bazar','extrasuper - locucao travesseiro penas de ganso plumasul.mp3',2,'2015-01-01','2038-01-01','1,2,3,4,5,6,7',0,86399,'extrasuper','Lj_1303','Nao'),('comercial','zz_locucao_produto_bazar','extrasuper - locucao travesseiro cds eireli secco.mp3',4,'2015-01-01','2038-01-01','1,2,3,4,5,6,7',0,86399,'extrasuper','Lj_1303','Nao'),('comercial','zz_locucao_produto_bebidas','extrasuper - locucao tonica schweppes lata 350 ml.mp3',4,'2015-01-01','2038-01-01','1,2,3,4,5,6,7',0,86399,'extrasuper','Lj_1303','Nao'),('comercial','zz_locucao_produto_bebidas','extrasuper - locucao tonica antartica diet lata 350 ml.mp3',4,'2015-01-01','2038-01-01','1,2,3,4,5,6,7',0,86399,'extrasuper','Lj_1303','Nao'),('comercial','zz_locucao_produto_pereciveis','extrasuper - locucao tomate pelado inteiro son ria 650 g.mp3',5,'2015-01-01','2038-01-01','1,2,3,4,5,6,7',0,86399,'extrasuper','Lj_1303','Nao'),('comercial','zz_locucao_produto_feira','extrasuper - locucao tomate a granel o quilo.mp3',1,'2015-01-01','2038-01-01','1,2,3,4,5,6,7',0,86399,'extrasuper','Lj_1303','Nao'),('comercial','zz_locucao_produto_bazar','extrasuper - locucao toalhas.mp3',1,'2015-01-01','2038-01-01','1,2,3,4,5,6,7',0,86399,'extrasuper','Lj_1303','Nao'),('comercial','zz_locucao_produto_bazar','extrasuper - locucao tacas.mp3',1,'2015-01-01','2038-01-01','1,2,3,4,5,6,7',0,86399,'extrasuper','Lj_1303','Nao'),('comercial','zz_locucao_produto_eletro','extrasuper - locucao tablet tela led.mp3',5,'2015-01-01','2038-01-01','1,2,3,4,5,6,7',0,86399,'extrasuper','Lj_1303','Nao'),('comercial','zz_locucao_produto_eletro','extrasuper - locucao tablet tela 7 4gb.mp3',10,'2015-01-01','2038-01-01','1,2,3,4,5,6,7',0,86399,'extrasuper','Lj_1303','Nao'),('comercial','zz_locucao_produto_eletro','extrasuper - locucao tablet tectoy.mp3',2,'2015-01-01','2038-01-01','1,2,3,4,5,6,7',0,86399,'extrasuper','Lj_1303','Nao'),('comercial','zz_locucao_produto_eletro','extrasuper - locucao tablet samsung.mp3',4,'2015-01-01','2038-01-01','1,2,3,4,5,6,7',0,86399,'extrasuper','Lj_1303','Nao'),('comercial','zz_locucao_produto_eletro','extrasuper - locucao tablet dl xpro dual branco.mp3',7,'2015-01-01','2038-01-01','1,2,3,4,5,6,7',0,86399,'extrasuper','Lj_1303','Nao'),('comercial','zz_locucao_produto_padaria','extrasuper - locucao suspiro qualita 100 g.mp3',3,'2015-01-01','2038-01-01','1,2,3,4,5,6,7',0,86399,'extrasuper','Lj_1303','Nao'),('comercial','zz_locucao_produto_bebidas','extrasuper - locucao suco de laranja fazenda bela vista 200 ml.mp3',3,'2015-01-01','2038-01-01','1,2,3,4,5,6,7',0,86399,'extrasuper','Lj_1303','Nao'),('comercial','zz_locucao_produto_bebidas','extrasuper - locucao suco concentrado maguary maracuja garrafa 500 ml.mp3',4,'2015-01-01','2038-01-01','1,2,3,4,5,6,7',0,86399,'extrasuper','Lj_1303','Nao'),('comercial','zz_locucao_produto_pereciveis','extrasuper - locucao sopao galinha caip maggi 200 g.mp3',3,'2015-01-01','2038-01-01','1,2,3,4,5,6,7',0,86399,'extrasuper','Lj_1303','Nao'),('comercial','zz_locucao_produto_pereciveis','extrasuper - locucao sopa legumes missoshiro 10 g.mp3',3,'2015-01-01','2038-01-01','1,2,3,4,5,6,7',0,86399,'extrasuper','Lj_1303','Nao'),('comercial','zz_locucao_produto_pereciveis','extrasuper - locucao sopa francesa de abobora casino 1 l.mp3',3,'2015-01-01','2038-01-01','1,2,3,4,5,6,7',0,86399,'extrasuper','Lj_1303','Nao'),('comercial','zz_locucao_produto_pereciveis','extrasuper - locucao sopa caldo verde vono 17g.mp3',3,'2015-01-01','2038-01-01','1,2,3,4,5,6,7',0,86399,'extrasuper','Lj_1303','Nao'),('comercial','zz_locucao_produto_eletro','extrasuper - locucao smartphone samsung s4 mini.mp3',4,'2015-01-01','2038-01-01','1,2,3,4,5,6,7',0,86399,'extrasuper','Lj_1303','Nao'),('comercial','zz_locucao_produto_eletro','extrasuper - locucao smartphone samsung core plus.mp3',3,'2015-01-01','2038-01-01','1,2,3,4,5,6,7',0,86399,'extrasuper','Lj_1303','Nao'),('comercial','zz_locucao_produto_eletro','extrasuper - locucao smartphone nokia lumia 530.mp3',3,'2015-01-01','2038-01-01','1,2,3,4,5,6,7',0,86399,'extrasuper','Lj_1303','Nao'),('comercial','zz_locucao_produto_eletro','extrasuper - locucao smartphone motorola moto e.mp3',2,'2015-01-01','2038-01-01','1,2,3,4,5,6,7',0,86399,'extrasuper','Lj_1303','Nao'),('comercial','zz_locucao_produto_eletro','extrasuper - locucao smartphone lg l65.mp3',4,'2015-01-01','2038-01-01','1,2,3,4,5,6,7',0,86399,'extrasuper','Lj_1303','Nao'),('comercial','zz_locucao_produto_eletro','extrasuper - locucao smartphone lg l5.mp3',2,'2015-01-01','2038-01-01','1,2,3,4,5,6,7',0,86399,'extrasuper','Lj_1303','Nao'),('comercial','zz_locucao_produto_eletro','extrasuper - locucao smart tv semp toshiba 40 polegadas.mp3',5,'2015-01-01','2038-01-01','1,2,3,4,5,6,7',0,86399,'extrasuper','Lj_1303','Nao'),('comercial','zz_locucao_produto_padaria','extrasuper - locucao sequilho leite condonsado receita de familia 150 g.mp3',5,'2015-01-01','2038-01-01','1,2,3,4,5,6,7',0,86399,'extrasuper','Lj_1303','Nao'),('comercial','zz_locucao_produto_pereciveis','extrasuper - locucao seleta de legumes predilecta 200 g.mp3',4,'2015-01-01','2038-01-01','1,2,3,4,5,6,7',0,86399,'extrasuper','Lj_1303','Nao'),('comercial','zz_locucao_produto_diversos','extrasuper - locucao sardinha ao molho de tomate gomes da costa 125 g.mp3',7,'2015-01-01','2038-01-01','1,2,3,4,5,6,7',0,86399,'extrasuper','Lj_1303','Nao'),('comercial','zz_locucao_produto_eletro','extrasuper - locucao samsung pocket neo.mp3',3,'2015-01-01','2038-01-01','1,2,3,4,5,6,7',0,86399,'extrasuper','Lj_1303','Nao'),('comercial','zz_locucao_produto_diversos','extrasuper - locucao salmao defumado damm 100 g.mp3',3,'2015-01-01','2038-01-01','1,2,3,4,5,6,7',0,86399,'extrasuper','Lj_1303','Nao'),('comercial','zz_locucao_produto_pereciveis','extrasuper - locucao sal refinado cisne 1kg.mp3',2,'2015-01-01','2038-01-01','1,2,3,4,5,6,7',0,86399,'extrasuper','Lj_1303','Nao'),('comercial','zz_locucao_produto_pereciveis','extrasuper - locucao sal qualita 1 kg.mp3',2,'2015-01-01','2038-01-01','1,2,3,4,5,6,7',0,86399,'extrasuper','Lj_1303','Nao'),('comercial','zz_locucao_produto_limpeza','extrasuper - locucao sabao em po surf pacote dois quilos.mp3',3,'2015-01-01','2038-01-01','1,2,3,4,5,6,7',0,86399,'extrasuper','Lj_1303','Nao'),('comercial','zz_locucao_produto_limpeza','extrasuper - locucao sabao em po qualita 3kg.mp3',2,'2015-01-01','2038-01-01','1,2,3,4,5,6,7',0,86399,'extrasuper','Lj_1303','Nao'),('comercial','zz_locucao_produto_limpeza','extrasuper - locucao sabao em po omo multi acao caixa 1,8kg.mp3',5,'2015-01-01','2038-01-01','1,2,3,4,5,6,7',0,86399,'extrasuper','Lj_1303','Nao'),('comercial','zz_locucao_produto_limpeza','extrasuper - locucao sabao em po ariel caixa 2kg.mp3',3,'2015-01-01','2038-01-01','1,2,3,4,5,6,7',0,86399,'extrasuper','Lj_1303','Nao'),('comercial','zz_locucao_produto_limpeza','extrasuper - locucao sabao brilhante pacote 1kg.mp3',3,'2015-01-01','2038-01-01','1,2,3,4,5,6,7',0,86399,'extrasuper','Lj_1303','Nao'),('comercial','zz_locucao_produto_pereciveis','extrasuper - locucao risoto com ervas finas tio joao pacote 250g.mp3',6,'2015-01-01','2038-01-01','1,2,3,4,5,6,7',0,86399,'extrasuper','Lj_1303','Nao'),('comercial','zz_locucao_produto_pereciveis','extrasuper - locucao risoto a grega tio joao pacote 250g.mp3',5,'2015-01-01','2038-01-01','1,2,3,4,5,6,7',0,86399,'extrasuper','Lj_1303','Nao'),('comercial','zz_locucao_produto_bebidas','extrasuper - locucao refrigerante coca cola zero 350 ml lata 6 unidades.mp3',6,'2015-01-01','2038-01-01','1,2,3,4,5,6,7',0,86399,'extrasuper','Lj_1303','Nao'),('comercial','zz_locucao_produto_eletro','extrasuper - locucao refrigerador consul frostfree 405 litros bem estar.mp3',4,'2015-01-01','2038-01-01','1,2,3,4,5,6,7',0,86399,'extrasuper','Lj_1303','Nao'),('comercial','zz_locucao_produto_eletro','extrasuper - locucao refrigerador consul frostfree 400 lt bem estar.mp3',4,'2015-01-01','2038-01-01','1,2,3,4,5,6,7',0,86399,'extrasuper','Lj_1303','Nao'),('comercial','zz_locucao_produto_mercearia','extrasuper - locucao queijo mussarela importado pedaco quilo.mp3',3,'2015-01-01','2038-01-01','1,2,3,4,5,6,7',0,86399,'extrasuper','Lj_1303','Nao'),('comercial','zz_locucao_produto_mercearia','extrasuper - locucao queijo mussarela importado o quilo.mp3',2,'2015-01-01','2038-01-01','1,2,3,4,5,6,7',0,86399,'extrasuper','Lj_1303','Nao'),('comercial','zz_locucao_produto_mercearia','extrasuper - locucao presunto de peru sadia o quilo.mp3',2,'2015-01-01','2038-01-01','1,2,3,4,5,6,7',0,86399,'extrasuper','Lj_1303','Nao'),('comercial','zz_locucao_produto_diversos','extrasuper - locucao pneus aro 15.mp3',2,'2015-01-01','2038-01-01','1,2,3,4,5,6,7',0,86399,'extrasuper','Lj_1303','Nao'),('comercial','zz_locucao_produto_diversos','extrasuper - locucao pneus aro 14.mp3',4,'2015-01-01','2038-01-01','1,2,3,4,5,6,7',0,86399,'extrasuper','Lj_1303','Nao'),('comercial','zz_locucao_produto_diversos','extrasuper - locucao pneu general r14.mp3',3,'2015-01-01','2038-01-01','1,2,3,4,5,6,7',0,86399,'extrasuper','Lj_1303','Nao'),('comercial','zz_locucao_produto_eletro','extrasuper - locucao playstation 4 sony.mp3',1,'2015-01-01','2038-01-01','1,2,3,4,5,6,7',0,86399,'extrasuper','Lj_1303','Nao'),('comercial','zz_locucao_produto_diversos','extrasuper - locucao piscina more 1005 3 mil litros.mp3',4,'2015-01-01','2038-01-01','1,2,3,4,5,6,7',0,86399,'extrasuper','Lj_1303','Nao'),('comercial','zz_locucao_produto_diversos','extrasuper - locucao piscina bestway 2300 litros.mp3',4,'2015-01-01','2038-01-01','1,2,3,4,5,6,7',0,86399,'extrasuper','Lj_1303','Nao'),('comercial','zz_locucao_produto_feira','extrasuper - locucao pimentao verde a granel o quilo.mp3',2,'2015-01-01','2038-01-01','1,2,3,4,5,6,7',0,86399,'extrasuper','Lj_1303','Nao'),('comercial','zz_locucao_produto_feira','extrasuper - locucao pessego nacional o quilo.mp3',2,'2015-01-01','2038-01-01','1,2,3,4,5,6,7',0,86399,'extrasuper','Lj_1303','Nao'),('comercial','zz_locucao_produto_diversos','extrasuper - locucao pescadinha espalmada new fish 1 kg.mp3',3,'2015-01-01','2038-01-01','1,2,3,4,5,6,7',0,86399,'extrasuper','Lj_1303','Nao'),('comercial','zz_locucao_produto_feira','extrasuper - locucao pera portuguesa a granel o quilo.mp3',2,'2015-01-01','2038-01-01','1,2,3,4,5,6,7',0,86399,'extrasuper','Lj_1303','Nao'),('comercial','zz_locucao_produto_bebidas','extrasuper - locucao pepsi garrafa 2 litros.mp3',3,'2015-01-01','2038-01-01','1,2,3,4,5,6,7',0,86399,'extrasuper','Lj_1303','Nao'),('comercial','zz_locucao_produto_bebidas','extrasuper - locucao pepsi cola 1 litro e meio.mp3',2,'2015-01-01','2038-01-01','1,2,3,4,5,6,7',0,86399,'extrasuper','Lj_1303','Nao'),('comercial','zz_locucao_produto_acougue','extrasuper - locucao peito pato villa germania congelado.mp3',3,'2015-01-01','2038-01-01','1,2,3,4,5,6,7',0,86399,'extrasuper','Lj_1303','Nao'),('comercial','zz_locucao_produto_eletro','extrasuper - locucao parafusadeira.mp3',6,'2015-01-01','2038-01-01','1,2,3,4,5,6,7',0,86399,'extrasuper','Lj_1303','Nao'),('comercial','zz_locucao_produto_diversos','extrasuper - locucao papel sulfite a4 com 500 folhas.mp3',3,'2015-01-01','2038-01-01','1,2,3,4,5,6,7',0,86399,'extrasuper','Lj_1303','Nao'),('comercial','zz_locucao_produto_padaria','extrasuper - locucao pao para hot dog nosso pao wickbold 200 g.mp3',4,'2015-01-01','2038-01-01','1,2,3,4,5,6,7',0,86399,'extrasuper','Lj_1303','Nao'),('comercial','zz_locucao_produto_padaria','extrasuper - locucao pao de mel pan 8 unidades.mp3',4,'2015-01-01','2038-01-01','1,2,3,4,5,6,7',0,86399,'extrasuper','Lj_1303','Nao'),('comercial','zz_locucao_produto_padaria','extrasuper - locucao pao de mel com cobertutra bauducco 30g.mp3',5,'2015-01-01','2038-01-01','1,2,3,4,5,6,7',0,86399,'extrasuper','Lj_1303','Nao'),('comercial','zz_locucao_produto_padaria','extrasuper - locucao pao de forma panco 500g.mp3',3,'2015-01-01','2038-01-01','1,2,3,4,5,6,7',0,86399,'extrasuper','Lj_1303','Nao'),('comercial','zz_locucao_produto_padaria','extrasuper - locucao pao de forma integral pullman 550 g.mp3',4,'2015-01-01','2038-01-01','1,2,3,4,5,6,7',0,86399,'extrasuper','Lj_1303','Nao'),('comercial','zz_locucao_produto_bazar','extrasuper - locucao panela eletrica de pressao.mp3',1,'2015-01-01','2038-01-01','1,2,3,4,5,6,7',0,86399,'extrasuper','Lj_1303','Nao'),('comercial','zz_locucao_produto_bazar','extrasuper - locucao panela eletrica de arroz.mp3',2,'2015-01-01','2038-01-01','1,2,3,4,5,6,7',0,86399,'extrasuper','Lj_1303','Nao'),('comercial','zz_locucao_produto_acougue','extrasuper - locucao paleta bovina pedaco o quilo.mp3',2,'2015-01-01','2038-01-01','1,2,3,4,5,6,7',0,86399,'extrasuper','Lj_1303','Nao'),('comercial','zz_locucao_abertura','extrasuper - locucao ooo abertura setor perfumaria.mp3',18,'2015-01-01','2038-01-01','1,2,3,4,5,6,7',0,86399,'extrasuper','Lj_1303','Nao'),('comercial','zz_locucao_abertura','extrasuper - locucao ooo abertura setor papelaria.mp3',20,'2015-01-01','2038-01-01','1,2,3,4,5,6,7',0,86399,'extrasuper','Lj_1303','Nao'),('comercial','zz_locucao_abertura','extrasuper - locucao ooo abertura setor padaria.mp3',19,'2015-01-01','2038-01-01','1,2,3,4,5,6,7',0,86399,'extrasuper','Lj_1303','Nao'),('comercial','zz_locucao_abertura','extrasuper - locucao ooo abertura setor flv.mp3',22,'2015-01-01','2038-01-01','1,2,3,4,5,6,7',0,86399,'extrasuper','Lj_1303','Nao'),('comercial','zz_locucao_abertura','extrasuper - locucao ooo abertura setor eletro.mp3',19,'2015-01-01','2038-01-01','1,2,3,4,5,6,7',0,86399,'extrasuper','Lj_1303','Nao'),('comercial','zz_locucao_abertura','extrasuper - locucao ooo abertura setor de limpeza curto.mp3',9,'2015-01-01','2038-01-01','1,2,3,4,5,6,7',0,86399,'extrasuper','Lj_1303','Nao'),('comercial','zz_locucao_abertura','extrasuper - locucao ooo abertura setor bebidas.mp3',15,'2015-01-01','2038-01-01','1,2,3,4,5,6,7',0,86399,'extrasuper','Lj_1303','Nao'),('comercial','zz_locucao_abertura','extrasuper - locucao ooo abertura setor bazar.mp3',19,'2015-01-01','2038-01-01','1,2,3,4,5,6,7',0,86399,'extrasuper','Lj_1303','Nao'),('comercial','zz_locucao_abertura','extrasuper - locucao ooo abertura setor automotivo.mp3',20,'2015-01-01','2038-01-01','1,2,3,4,5,6,7',0,86399,'extrasuper','Lj_1303','Nao'),('comercial','zz_locucao_abertura','extrasuper - locucao ooo abertura setor acougue.mp3',19,'2015-01-01','2038-01-01','1,2,3,4,5,6,7',0,86399,'extrasuper','Lj_1303','Nao'),('comercial','zz_locucao_repeticao','extrasuper - locucao vou falar de novo.mp3',2,'2015-01-01','2038-01-01','1,2,3,4,5,6,7',0,86399,'extrasuper','Lj_1303','Nao'),('comercial','zz_locucao_repeticao','extrasuper - locucao repetindo.mp3',0,'2015-01-01','2038-01-01','1,2,3,4,5,6,7',0,86399,'extrasuper','Lj_1303','Nao'),('comercial','zz_locucao_repeticao','extrasuper - locucao esta oferta esta demais vou repetir pra voce.mp3',3,'2015-01-01','2038-01-01','1,2,3,4,5,6,7',0,86399,'extrasuper','Lj_1303','Nao'),('comercial','zz_locucao_repeticao','extrasuper - locucao confira novamente.mp3',1,'2015-01-01','2038-01-01','1,2,3,4,5,6,7',0,86399,'extrasuper','Lj_1303','Nao'),('comercial','zz_locucao_produto_acougue','extrasuper - locucao acem peca pedaco resfriado.mp3',3,'2015-01-01','2038-01-01','1,2,3,4,5,6,7',0,86399,'extrasuper','Lj_1303','Nao'),('comercial','zz_locucao_produto_acougue','extrasuper - locucao paleta peca pedaco resfriado.mp3',3,'2015-01-01','2038-01-01','1,2,3,4,5,6,7',0,86399,'extrasuper','Lj_1303','Nao'),('comercial','zz_locucao_produto_feira','extrasuper - locucao abobora moranga o quilo.mp3',1,'2015-01-01','2038-01-01','1,2,3,4,5,6,7',0,86399,'extrasuper','Lj_1303','Nao'),('comercial','zz_locucao_produto_feira','extrasuper - locucao banana prata quilo.mp3',1,'2015-01-01','2038-01-01','1,2,3,4,5,6,7',0,86399,'extrasuper','Lj_1303','Nao'),('comercial','zz_locucao_produto_feira','extrasuper - locucao chuchu 500g.mp3',2,'2015-01-01','2038-01-01','1,2,3,4,5,6,7',0,86399,'extrasuper','Lj_1303','Nao'),('comercial','zz_locucao_produto_feira','extrasuper - locucao laranja pera quilo.mp3',1,'2015-01-01','2038-01-01','1,2,3,4,5,6,7',0,86399,'extrasuper','Lj_1303','Nao'),('comercial','zz_locucao_produto_feira','extrasuper - locucao mandioca a granel o quilo.mp3',2,'2015-01-01','2038-01-01','1,2,3,4,5,6,7',0,86399,'extrasuper','Lj_1303','Nao'),('comercial','zz_locucao_produto_feira','extrasuper - locucao ovos brancos duzia.mp3',1,'2015-01-01','2038-01-01','1,2,3,4,5,6,7',0,86399,'extrasuper','Lj_1303','Nao'),('comercial','zz_locucao_produto_feira','extrasuper - locucao pepino japones extra a granel o quilo.mp3',2,'2015-01-01','2038-01-01','1,2,3,4,5,6,7',0,86399,'extrasuper','Lj_1303','Nao'),('comercial','zz_locucao_produto_feira','extrasuper - locucao rucula pacote unidade.mp3',2,'2015-01-01','2038-01-01','1,2,3,4,5,6,7',0,86399,'extrasuper','Lj_1303','Nao'),('comercial','zz_locucao_produto_feira','extrasuper - locucao tomate cereja 200g.mp3',2,'2015-01-01','2038-01-01','1,2,3,4,5,6,7',0,86399,'extrasuper','Lj_1303','Nao'),('comercial','zz_locucao_depor','extrasuper - locucao por.mp3',0,'2015-11-30','2038-01-01','1,2,3,4,5,6,7',0,86399,'extrasuper','Lj_1303','Nao'),('comercial','zz_locucao_depor','extrasuper - locucao para cliente clube extra.mp3',2,'2015-11-30','2038-01-01','1,2,3,4,5,6,7',0,86399,'extrasuper','Lj_1303','Nao'),('comercial','zz_locucao_depor','extrasuper - locucao no cartao extra.mp3',2,'2015-11-30','2038-01-01','1,2,3,4,5,6,7',0,86399,'extrasuper','Lj_1303','Nao'),('comercial','zz_locucao_depor','extrasuper - locucao de.mp3',0,'2015-11-30','2038-01-01','1,2,3,4,5,6,7',0,86399,'extrasuper','Lj_1303','Nao'),('comercial','Promocoes','extrasuper - Textil Marcas.mp3',42,'2016-07-29','2016-08-09','1,2,3,4,5,6,7',0,86399,'extrasuper','Lj_1303','Nao'),('comercial','Promocoes','extrasuper - Purina Dr Pet.mp3',43,'2016-08-04','2016-08-17','1,2,3,4,5,6,7',0,86399,'extrasuper','Lj_1303','Nao'),('comercial','Institucionais','extrasuper - Vagas Para Deficientes.mp3',13,'2016-08-03','2026-08-03','1,2,3,4,5,6,7',0,86399,'extrasuper','Lj_1303','Nao');
/*!40000 ALTER TABLE `arquivos` ENABLE KEYS */;
UNLOCK TABLES;

--
-- Dumping data for table `generos`
--
-- WHERE:  tipo='comercial'

LOCK TABLES `generos` WRITE;
/*!40000 ALTER TABLE `generos` DISABLE KEYS */;
INSERT INTO `generos` VALUES ('comercial','Coringa'),('comercial','Avisos'),('comercial','Anunciar_Musicas'),('comercial','Desanunciar_Musicas'),('comercial','Desanunciar_Compl'),('comercial','Curiosidades'),('comercial','Anunciar_Compl'),('comercial','Anunciantes'),('comercial','Abre_Break'),('comercial','Abre_Bloco'),('comercial','Dicas'),('comercial','Documentarios'),('comercial','Eventos'),('comercial','Fornecedores'),('comercial','Informacao_Musical'),('comercial','Institucionais'),('comercial','Institucionais_Lojas'),('comercial','Interbreak'),('comercial','Prefixo'),('comercial','Promocoes'),('comercial','Reporter'),('comercial','Saudacoes'),('comercial','Sazonais'),('comercial','Teaser'),('comercial','Vinhetas_Pontes'),('comercial','Fornecedores_1'),('comercial','Anunciantes_1'),('comercial','Musicas_Juninas'),('comercial','SambaEnredoRio2009'),('comercial','Musicas_Carnaval2010'),('comercial','zz_locucao_preco'),('comercial','zz_locucao_parcelamento'),('comercial','zz_locucao_produto_pereciveis'),('comercial','zz_locucao_produto_acougue'),('comercial','zz_locucao_produto_bazar'),('comercial','zz_locucao_produto_mercearia'),('comercial','zz_locucao_produto_diversos'),('comercial','zz_locucao_produto_bebidas'),('comercial','zz_locucao_produto_eletro'),('comercial','zz_locucao_produto_feira'),('comercial','zz_locucao_produto_padaria'),('comercial','zz_locucao_avisos'),('comercial','zz_locucao_fechamento'),('comercial','zz_locucao_produto_limpeza'),('comercial','zz_locucao_abertura'),('comercial','zz_locucao_repeticao'),('comercial','zz_locucao_depor');
/*!40000 ALTER TABLE `generos` ENABLE KEYS */;
UNLOCK TABLES;
/*!40103 SET TIME_ZONE=@OLD_TIME_ZONE */;

/*!40101 SET SQL_MODE=@OLD_SQL_MODE */;
/*!40014 SET FOREIGN_KEY_CHECKS=@OLD_FOREIGN_KEY_CHECKS */;
/*!40014 SET UNIQUE_CHECKS=@OLD_UNIQUE_CHECKS */;
/*!40101 SET CHARACTER_SET_CLIENT=@OLD_CHARACTER_SET_CLIENT */;
/*!40101 SET CHARACTER_SET_RESULTS=@OLD_CHARACTER_SET_RESULTS */;
/*!40101 SET COLLATION_CONNECTION=@OLD_COLLATION_CONNECTION */;
/*!40111 SET SQL_NOTES=@OLD_SQL_NOTES */;

-- Dump completed on 2016-09-09 18:38:10
-- MySQL dump 10.13  Distrib 5.5.47, for debian-linux-gnu (i686)
--
-- Host: localhost    Database: loja_7112
-- ------------------------------------------------------
-- Server version	5.5.47-0+deb7u1

/*!40101 SET @OLD_CHARACTER_SET_CLIENT=@@CHARACTER_SET_CLIENT */;
/*!40101 SET @OLD_CHARACTER_SET_RESULTS=@@CHARACTER_SET_RESULTS */;
/*!40101 SET @OLD_COLLATION_CONNECTION=@@COLLATION_CONNECTION */;
/*!40101 SET NAMES utf8 */;
/*!40103 SET @OLD_TIME_ZONE=@@TIME_ZONE */;
/*!40103 SET TIME_ZONE='+00:00' */;
/*!40014 SET @OLD_UNIQUE_CHECKS=@@UNIQUE_CHECKS, UNIQUE_CHECKS=0 */;
/*!40014 SET @OLD_FOREIGN_KEY_CHECKS=@@FOREIGN_KEY_CHECKS, FOREIGN_KEY_CHECKS=0 */;
/*!40101 SET @OLD_SQL_MODE=@@SQL_MODE, SQL_MODE='NO_AUTO_VALUE_ON_ZERO' */;
/*!40111 SET @OLD_SQL_NOTES=@@SQL_NOTES, SQL_NOTES=0 */;

--
-- Table structure for table `esquemas`
--

DROP TABLE IF EXISTS `esquemas`;
/*!40101 SET @saved_cs_client     = @@character_set_client */;
/*!40101 SET character_set_client = utf8 */;
CREATE TABLE `esquemas` (
  `esquema` varchar(30) NOT NULL DEFAULT '',
  PRIMARY KEY (`esquema`)
);
/*!40101 SET character_set_client = @saved_cs_client */;

--
-- Dumping data for table `esquemas`
--

LOCK TABLES `esquemas` WRITE;
/*!40000 ALTER TABLE `esquemas` DISABLE KEYS */;
INSERT INTO `esquemas` VALUES ('Carnaval_2015'),('Carnaval_Pop_A_2015'),('Carnaval_SP_2015'),('Juninas_2015'),('Juninas_2016'),('Pop_A'),('Pop_Top_2012'),('Rio_2011'),('SP_2011');
/*!40000 ALTER TABLE `esquemas` ENABLE KEYS */;
UNLOCK TABLES;

--
-- Table structure for table `grades`
--

DROP TABLE IF EXISTS `grades`;
/*!40101 SET @saved_cs_client     = @@character_set_client */;
/*!40101 SET character_set_client = utf8 */;
CREATE TABLE `grades` (
  `esquema` varchar(30) NOT NULL DEFAULT '',
  `sequencia` int(11) NOT NULL DEFAULT '0',
  `tipo` varchar(20) NOT NULL DEFAULT '',
  `genero` varchar(40) NOT NULL DEFAULT '',
  PRIMARY KEY (`esquema`,`sequencia`)
);
/*!40101 SET character_set_client = @saved_cs_client */;

--
-- Dumping data for table `grades`
--

LOCK TABLES `grades` WRITE;
/*!40000 ALTER TABLE `grades` DISABLE KEYS */;
INSERT INTO `grades` VALUES ('Carnaval_2015',5,'musical','Pop_Top'),('Juninas_2015',75,'musical','ForroPeDeSerra'),('Juninas_2015',76,'comercial','Teaser'),('Juninas_2015',78,'comercial','Anunciantes_1'),('Juninas_2015',80,'musical','ForroPeDeSerra'),('Juninas_2015',81,'comercial','Avisos'),('Juninas_2015',82,'comercial','Institucionais'),('Juninas_2015',83,'comercial','Curiosidades'),('Juninas_2015',85,'musical','ForroPeDeSerra'),('Juninas_2015',86,'comercial','Vinhetas_Pontes'),('Juninas_2015',87,'comercial','Sazonais'),('Juninas_2015',88,'comercial','Prefixo'),('Juninas_2015',90,'musical','ForroPeDeSerra'),('Juninas_2015',91,'comercial','Promocoes'),('Juninas_2015',95,'musical','Pop_Top'),('Juninas_2015',96,'comercial','Coringa'),('Juninas_2015',100,'comercial','Anunciar_Musicas'),('Carnaval_2015',1,'comercial','Saudacoes'),('Rio_2011',44,'comercial','Reporter'),('Rio_2011',41,'comercial','Promocoes'),('Rio_2011',40,'musical','Mpb'),('Rio_2011',38,'comercial','Anunciantes_1'),('Rio_2011',37,'comercial','Sazonais'),('Rio_2011',36,'comercial','Vinhetas_Pontes'),('Rio_2011',35,'musical','Inter_Pop'),('Rio_2011',33,'comercial','Curiosidades'),('Rio_2011',32,'comercial','Institucionais'),('Rio_2011',31,'comercial','Avisos'),('Rio_2011',30,'musical','Samba'),('Rio_2011',27,'comercial','Fornecedores'),('Rio_2011',26,'comercial','Teaser'),('Rio_2011',25,'musical','Mpb'),('Rio_2011',21,'comercial','Vinhetas_Pontes'),('Rio_2011',20,'musical','Inter_Pop'),('Rio_2011',17,'comercial','Promocoes'),('Rio_2011',16,'comercial','Institucionais'),('Rio_2011',15,'musical','Samba'),('Rio_2011',14,'comercial','Reporter'),('Rio_2011',10,'musical','Mpb'),('Rio_2011',7,'comercial','Dicas'),('Rio_2011',6,'comercial','Vinhetas_Pontes'),('Rio_2011',5,'musical','Inter_Pop'),('Rio_2011',1,'comercial','Saudacoes'),('Carnaval_2015',7,'comercial','Dicas'),('Carnaval_2015',6,'comercial','Vinhetas_Pontes'),('Rio_2011',45,'musical','Samba'),('Rio_2011',46,'comercial','Coringa'),('Rio_2011',50,'comercial','Anunciar_Musicas'),('Rio_2011',51,'comercial','Saudacoes'),('Rio_2011',55,'musical','Inter_Pop'),('Rio_2011',56,'comercial','Vinhetas_Pontes'),('Rio_2011',57,'comercial','Dicas'),('Rio_2011',60,'musical','Mpb'),('Rio_2011',65,'musical','Samba'),('SP_2011',27,'comercial','Fornecedores'),('SP_2011',26,'comercial','Teaser'),('SP_2011',25,'musical','Nac_Pop'),('SP_2011',21,'comercial','Vinhetas_Pontes'),('SP_2011',20,'musical','Mpb'),('SP_2011',17,'comercial','Promocoes'),('SP_2011',16,'comercial','Institucionais'),('SP_2011',15,'musical','Inter_Pop'),('SP_2011',14,'comercial','Reporter'),('SP_2011',10,'musical','Mpb'),('SP_2011',7,'comercial','Dicas'),('SP_2011',6,'comercial','Vinhetas_Pontes'),('SP_2011',5,'musical','Mpb'),('SP_2011',1,'comercial','Saudacoes'),('Rio_2011',91,'comercial','Promocoes'),('Rio_2011',90,'musical','Mpb'),('Rio_2011',87,'comercial','Sazonais'),('Rio_2011',86,'comercial','Vinhetas_Pontes'),('Rio_2011',85,'musical','Inter_Pop'),('Rio_2011',83,'comercial','Curiosidades'),('Rio_2011',82,'comercial','Institucionais'),('Rio_2011',81,'comercial','Avisos'),('Rio_2011',80,'musical','Samba'),('Rio_2011',78,'comercial','Anunciantes_1'),('Rio_2011',77,'comercial','Reporter'),('Rio_2011',76,'comercial','Teaser'),('Rio_2011',75,'musical','Mpb'),('Rio_2011',74,'comercial','Reporter'),('Rio_2011',71,'comercial','Vinhetas_Pontes'),('Rio_2011',70,'musical','Inter_Pop'),('Rio_2011',67,'comercial','Promocoes'),('Rio_2011',66,'comercial','Institucionais'),('SP_2011',30,'musical','Mpb'),('SP_2011',31,'comercial','Avisos'),('SP_2011',32,'comercial','Institucionais'),('SP_2011',33,'comercial','Curiosidades'),('SP_2011',35,'musical','Inter_Pop'),('SP_2011',36,'comercial','Vinhetas_Pontes'),('SP_2011',37,'comercial','Sazonais'),('SP_2011',38,'comercial','Anunciantes_1'),('SP_2011',40,'musical','Mpb'),('SP_2011',41,'comercial','Promocoes'),('SP_2011',44,'comercial','Reporter'),('SP_2011',45,'musical','Inter_Pop'),('SP_2011',46,'comercial','Coringa'),('SP_2011',50,'comercial','Anunciar_Musicas'),('SP_2011',51,'comercial','Saudacoes'),('SP_2011',55,'musical','Inter_Pop'),('SP_2011',56,'comercial','Vinhetas_Pontes'),('SP_2011',57,'comercial','Dicas'),('SP_2011',60,'musical','Mpb'),('SP_2011',65,'musical','Inter_Pop'),('SP_2011',66,'comercial','Institucionais'),('SP_2011',67,'comercial','Promocoes'),('SP_2011',70,'musical','Mpb'),('SP_2011',71,'comercial','Vinhetas_Pontes'),('SP_2011',74,'comercial','Reporter'),('SP_2011',75,'musical','Nac_Pop'),('SP_2011',76,'comercial','Teaser'),('SP_2011',77,'comercial','Reporter'),('SP_2011',78,'comercial','Anunciantes_1'),('SP_2011',80,'musical','Mpb'),('SP_2011',81,'comercial','Avisos'),('SP_2011',82,'comercial','Institucionais'),('SP_2011',83,'comercial','Curiosidades'),('SP_2011',85,'musical','Inter_Pop'),('SP_2011',86,'comercial','Vinhetas_Pontes'),('SP_2011',87,'comercial','Sazonais'),('SP_2011',90,'musical','Mpb'),('SP_2011',91,'comercial','Promocoes'),('Carnaval_2015',87,'comercial','Sazonais'),('Carnaval_2015',86,'comercial','Vinhetas_Pontes'),('Carnaval_2015',85,'musical','Pop_Top'),('Carnaval_2015',83,'comercial','Curiosidades'),('Carnaval_2015',82,'comercial','Institucionais'),('Carnaval_2015',81,'comercial','Avisos'),('Carnaval_2015',80,'musical','Hits_2014'),('Carnaval_2015',78,'comercial','Anunciantes_1'),('Carnaval_2015',76,'comercial','Teaser'),('Carnaval_2015',75,'musical','Pop_Top'),('Carnaval_2015',74,'comercial','Reporter'),('Carnaval_2015',71,'comercial','Vinhetas_Pontes'),('Carnaval_2015',70,'musical','Hits_2014'),('Carnaval_2015',67,'comercial','Promocoes'),('Carnaval_2015',66,'comercial','Institucionais'),('Carnaval_2015',65,'musical','Pop_Top'),('Carnaval_2015',61,'comercial','Abre_Break'),('Carnaval_2015',60,'musical','Hits_2014'),('Carnaval_2015',57,'comercial','Dicas'),('Carnaval_2015',56,'comercial','Vinhetas_Pontes'),('Carnaval_2015',55,'musical','Pop_Top'),('Carnaval_2015',51,'comercial','Saudacoes'),('Carnaval_2015',50,'musical','Hits_2014'),('Carnaval_2015',48,'comercial','Prefixo'),('Carnaval_2015',46,'comercial','Coringa'),('Carnaval_2015',45,'musical','Pop_Top'),('Carnaval_2015',41,'comercial','Promocoes'),('Carnaval_2015',40,'musical','Hits_2014'),('Carnaval_2015',38,'comercial','Anunciantes_1'),('Carnaval_2015',37,'comercial','Sazonais'),('Carnaval_2015',36,'comercial','Vinhetas_Pontes'),('Carnaval_2015',35,'musical','Pop_Top'),('Carnaval_2015',33,'comercial','Curiosidades'),('Carnaval_2015',32,'comercial','Institucionais'),('Carnaval_2015',31,'comercial','Avisos'),('Carnaval_2015',30,'musical','Hits_2014'),('Carnaval_2015',27,'comercial','Fornecedores'),('Carnaval_2015',26,'comercial','Teaser'),('Carnaval_2015',25,'musical','Pop_Top'),('Carnaval_2015',24,'comercial','Reporter'),('Carnaval_2015',21,'comercial','Vinhetas_Pontes'),('Carnaval_2015',20,'musical','Hits_2014'),('Carnaval_2015',17,'comercial','Promocoes'),('Carnaval_2015',16,'comercial','Institucionais'),('Carnaval_2015',15,'musical','Pop_Top'),('Carnaval_2015',11,'comercial','Abre_Break'),('Carnaval_2015',10,'musical','Hits_2014'),('Carnaval_2015',8,'comercial','Prefixo'),('Juninas_2015',71,'comercial','Vinhetas_Pontes'),('Juninas_2015',74,'comercial','Reporter'),('Juninas_2015',1,'comercial','Saudacoes'),('Juninas_2015',5,'musical','ForroPeDeSerra'),('Juninas_2015',6,'comercial','Vinhetas_Pontes'),('Juninas_2015',7,'comercial','Dicas'),('Juninas_2015',8,'comercial','Prefixo'),('Juninas_2015',10,'musical','ForroPeDeSerra'),('Juninas_2015',11,'comercial','Abre_Break'),('Juninas_2015',15,'musical','ForroPeDeSerra'),('Juninas_2015',16,'comercial','Institucionais'),('Juninas_2015',17,'comercial','Promocoes'),('Juninas_2015',20,'musical','Pop_Top'),('Juninas_2015',24,'comercial','Reporter'),('Juninas_2015',25,'musical','ForroPeDeSerra'),('Juninas_2015',26,'comercial','Teaser'),('Juninas_2015',27,'comercial','Fornecedores'),('Juninas_2015',30,'musical','ForroPeDeSerra'),('Juninas_2015',31,'comercial','Avisos'),('Juninas_2015',32,'comercial','Institucionais'),('Juninas_2015',33,'comercial','Curiosidades'),('Juninas_2015',35,'musical','ForroPeDeSerra'),('Juninas_2015',36,'comercial','Vinhetas_Pontes'),('Juninas_2015',37,'comercial','Sazonais'),('Juninas_2015',38,'comercial','Anunciantes_1'),('Juninas_2015',40,'musical','Pop_Top'),('Juninas_2015',41,'comercial','Promocoes'),('Juninas_2015',46,'comercial','Coringa'),('Juninas_2015',48,'comercial','Prefixo'),('Juninas_2015',50,'comercial','Anunciar_Musicas'),('Juninas_2015',51,'comercial','Saudacoes'),('Juninas_2015',55,'musical','ForroPeDeSerra'),('Juninas_2015',56,'comercial','Vinhetas_Pontes'),('Juninas_2015',57,'comercial','Dicas'),('Juninas_2015',60,'musical','ForroPeDeSerra'),('Juninas_2015',61,'comercial','Abre_Break'),('Juninas_2015',65,'musical','ForroPeDeSerra'),('Juninas_2015',66,'comercial','Institucionais'),('Juninas_2015',67,'comercial','Promocoes'),('Juninas_2015',70,'musical','Pop_Top'),('Pop_A',85,'musical','Mpb'),('Pop_A',50,'comercial','Anunciar_Musicas'),('Pop_A',35,'musical','Mpb'),('Pop_A',100,'comercial','Anunciar_Musicas'),('Pop_A',96,'comercial','Coringa'),('Pop_A',95,'musical','Nac_Pop'),('Pop_A',91,'comercial','Promocoes'),('Pop_A',90,'musical','Inter_Lentas'),('Pop_A',88,'comercial','Prefixo'),('Pop_A',87,'comercial','Sazonais'),('Pop_A',86,'comercial','Vinhetas_Pontes'),('Pop_A',83,'comercial','Curiosidades'),('Pop_A',82,'comercial','Institucionais'),('Pop_A',81,'comercial','Avisos'),('Pop_A',80,'musical','Nac_Pop'),('Pop_A',78,'comercial','Anunciantes_1'),('Pop_A',76,'comercial','Teaser'),('Pop_A',75,'musical','Inter_Lentas'),('Pop_A',74,'comercial','Reporter'),('Pop_A',71,'comercial','Vinhetas_Pontes'),('Pop_A',70,'musical','Nac_Pop'),('Pop_A',67,'comercial','Promocoes'),('Pop_A',66,'comercial','Institucionais'),('Pop_A',65,'musical','Mpb_Jovem'),('Pop_A',61,'comercial','Abre_Break'),('Pop_A',60,'musical','Inter_Lentas'),('Pop_A',57,'comercial','Dicas'),('Pop_A',56,'comercial','Vinhetas_Pontes'),('Pop_A',55,'musical','Nac_Pop'),('Pop_A',51,'comercial','Saudacoes'),('Pop_A',48,'comercial','Prefixo'),('Pop_A',46,'comercial','Coringa'),('Pop_A',45,'musical','Mpb'),('Pop_A',41,'comercial','Promocoes'),('Pop_A',40,'musical','Inter_Lentas'),('Pop_A',38,'comercial','Anunciantes_1'),('Pop_A',37,'comercial','Sazonais'),('Pop_A',36,'comercial','Vinhetas_Pontes'),('Pop_A',33,'comercial','Curiosidades'),('Pop_A',32,'comercial','Institucionais'),('Pop_A',31,'comercial','Avisos'),('Pop_A',30,'musical','Nac_Pop'),('Pop_A',27,'comercial','Fornecedores'),('Pop_A',26,'comercial','Teaser'),('Pop_A',25,'musical','Inter_Lentas'),('Pop_A',24,'comercial','Reporter'),('Pop_A',21,'comercial','Vinhetas_Pontes'),('Pop_A',20,'musical','Nac_Pop'),('Pop_A',17,'comercial','Promocoes'),('Pop_A',16,'comercial','Institucionais'),('Pop_A',15,'musical','Mpb'),('Pop_A',11,'comercial','Abre_Break'),('Pop_A',10,'musical','Inter_Lentas'),('Pop_A',8,'comercial','Prefixo'),('Pop_A',7,'comercial','Dicas'),('Pop_A',6,'comercial','Vinhetas_Pontes'),('Pop_A',5,'musical','Inter_Pop'),('Pop_A',1,'comercial','Saudacoes'),('Carnaval_SP_2015',8,'comercial','Prefixo'),('Carnaval_SP_2015',7,'comercial','Dicas'),('Carnaval_SP_2015',6,'comercial','Vinhetas_Pontes'),('Carnaval_SP_2015',5,'musical','Nac_Pop'),('Carnaval_SP_2015',1,'comercial','Saudacoes'),('Carnaval_2015',100,'comercial','Anunciar_Musicas'),('Carnaval_2015',96,'comercial','Coringa'),('Carnaval_2015',95,'musical','Pop_Top'),('Carnaval_2015',91,'comercial','Promocoes'),('Carnaval_2015',90,'musical','Hits_2014'),('Carnaval_2015',88,'comercial','Prefixo'),('Carnaval_Pop_A_2015',5,'musical','Nac_Pop'),('Carnaval_Pop_A_2015',1,'comercial','Saudacoes'),('Carnaval_SP_2015',100,'comercial','Anunciar_Musicas'),('Carnaval_SP_2015',96,'comercial','Coringa'),('Carnaval_SP_2015',95,'musical','Nac_Pop'),('Carnaval_SP_2015',91,'comercial','Promocoes'),('Carnaval_SP_2015',90,'musical','Hits_2014'),('Carnaval_SP_2015',88,'comercial','Prefixo'),('Carnaval_SP_2015',87,'comercial','Sazonais'),('Carnaval_SP_2015',86,'comercial','Vinhetas_Pontes'),('Carnaval_SP_2015',85,'musical','Nac_Pop'),('Carnaval_SP_2015',83,'comercial','Curiosidades'),('Carnaval_SP_2015',82,'comercial','Institucionais'),('Carnaval_SP_2015',81,'comercial','Avisos'),('Carnaval_SP_2015',80,'musical','Hits_2014'),('Carnaval_SP_2015',78,'comercial','Anunciantes_1'),('Carnaval_SP_2015',76,'comercial','Teaser'),('Carnaval_SP_2015',75,'musical','Nac_Pop'),('Carnaval_SP_2015',74,'comercial','Reporter'),('Carnaval_SP_2015',71,'comercial','Vinhetas_Pontes'),('Carnaval_SP_2015',70,'musical','Hits_2014'),('Carnaval_SP_2015',67,'comercial','Promocoes'),('Carnaval_SP_2015',66,'comercial','Institucionais'),('Carnaval_SP_2015',65,'musical','Nac_Pop'),('Carnaval_SP_2015',61,'comercial','Abre_Break'),('Carnaval_SP_2015',60,'musical','Hits_2014'),('Carnaval_SP_2015',57,'comercial','Dicas'),('Carnaval_SP_2015',56,'comercial','Vinhetas_Pontes'),('Carnaval_SP_2015',55,'musical','Nac_Pop'),('Carnaval_SP_2015',51,'comercial','Saudacoes'),('Carnaval_SP_2015',50,'musical','Hits_2014'),('Carnaval_SP_2015',48,'comercial','Prefixo'),('Carnaval_SP_2015',46,'comercial','Coringa'),('Carnaval_SP_2015',45,'musical','Nac_Pop'),('Carnaval_SP_2015',41,'comercial','Promocoes'),('Carnaval_SP_2015',40,'musical','Hits_2014'),('Carnaval_SP_2015',38,'comercial','Anunciantes_1'),('Carnaval_SP_2015',37,'comercial','Sazonais'),('Carnaval_SP_2015',36,'comercial','Vinhetas_Pontes'),('Carnaval_SP_2015',35,'musical','Nac_Pop'),('Carnaval_SP_2015',33,'comercial','Curiosidades'),('Carnaval_SP_2015',32,'comercial','Institucionais'),('Carnaval_SP_2015',31,'comercial','Avisos'),('Carnaval_SP_2015',30,'musical','Hits_2014'),('Carnaval_SP_2015',27,'comercial','Fornecedores'),('Carnaval_SP_2015',26,'comercial','Teaser'),('Carnaval_SP_2015',25,'musical','Nac_Pop'),('Carnaval_SP_2015',24,'comercial','Reporter'),('Carnaval_SP_2015',21,'comercial','Vinhetas_Pontes'),('Carnaval_SP_2015',20,'musical','Hits_2014'),('Carnaval_SP_2015',17,'comercial','Promocoes'),('Carnaval_SP_2015',16,'comercial','Institucionais'),('Carnaval_SP_2015',15,'musical','Nac_Pop'),('Carnaval_SP_2015',11,'comercial','Abre_Break'),('Carnaval_SP_2015',10,'musical','Hits_2014'),('SP_2011',94,'comercial','Reporter'),('SP_2011',95,'musical','Inter_Pop'),('Pop_Top_2012',32,'comercial','Institucionais'),('Pop_Top_2012',33,'comercial','Curiosidades'),('Pop_Top_2012',35,'musical','Pop_Top'),('Pop_Top_2012',36,'comercial','Vinhetas_Pontes'),('Pop_Top_2012',37,'comercial','Sazonais'),('Pop_Top_2012',38,'comercial','Anunciantes_1'),('Pop_Top_2012',40,'musical','Pop_Top'),('Pop_Top_2012',41,'comercial','Promocoes'),('Pop_Top_2012',45,'musical','Pop_Top'),('Pop_Top_2012',46,'comercial','Coringa'),('Pop_Top_2012',48,'comercial','Prefixo'),('Pop_Top_2012',50,'comercial','Anunciar_Musicas'),('Pop_Top_2012',51,'comercial','Saudacoes'),('Pop_Top_2012',55,'musical','Pop_Top'),('Pop_Top_2012',56,'comercial','Vinhetas_Pontes'),('Pop_Top_2012',57,'comercial','Dicas'),('Pop_Top_2012',60,'musical','Pop_Top'),('Pop_Top_2012',61,'comercial','Abre_Break'),('Pop_Top_2012',65,'musical','Pop_Top'),('Pop_Top_2012',66,'comercial','Institucionais'),('Pop_Top_2012',67,'comercial','Promocoes'),('Pop_Top_2012',70,'musical','Pop_Top'),('Pop_Top_2012',71,'comercial','Vinhetas_Pontes'),('Pop_Top_2012',74,'comercial','Reporter'),('Pop_Top_2012',75,'musical','Pop_Top'),('Pop_Top_2012',76,'comercial','Teaser'),('Pop_Top_2012',78,'comercial','Anunciantes_1'),('Pop_Top_2012',80,'musical','Pop_Top'),('Pop_Top_2012',81,'comercial','Avisos'),('Pop_Top_2012',82,'comercial','Institucionais'),('Pop_Top_2012',83,'comercial','Curiosidades'),('Pop_Top_2012',85,'musical','Pop_Top'),('Pop_Top_2012',86,'comercial','Vinhetas_Pontes'),('Pop_Top_2012',87,'comercial','Sazonais'),('Pop_Top_2012',88,'comercial','Prefixo'),('Pop_Top_2012',90,'musical','Pop_Top'),('Pop_Top_2012',91,'comercial','Promocoes'),('Pop_Top_2012',95,'musical','Pop_Top'),('Pop_Top_2012',96,'comercial','Coringa'),('Pop_Top_2012',100,'comercial','Anunciar_Musicas'),('Juninas_2016',78,'comercial','Anunciantes_1'),('Carnaval_Pop_A_2015',6,'comercial','Vinhetas_Pontes'),('Carnaval_Pop_A_2015',7,'comercial','Dicas'),('Carnaval_Pop_A_2015',8,'comercial','Prefixo'),('Carnaval_Pop_A_2015',10,'musical','Hits_2014'),('Carnaval_Pop_A_2015',11,'comercial','Abre_Break'),('Carnaval_Pop_A_2015',15,'musical','Nac_Pop'),('Carnaval_Pop_A_2015',16,'comercial','Institucionais'),('Carnaval_Pop_A_2015',17,'comercial','Promocoes'),('Carnaval_Pop_A_2015',20,'musical','Hits_2014'),('Carnaval_Pop_A_2015',21,'comercial','Vinhetas_Pontes'),('Carnaval_Pop_A_2015',24,'comercial','Reporter'),('Carnaval_Pop_A_2015',25,'musical','Mpb'),('Carnaval_Pop_A_2015',26,'comercial','Teaser'),('Carnaval_Pop_A_2015',27,'comercial','Fornecedores'),('Carnaval_Pop_A_2015',30,'musical','Hits_2014'),('Carnaval_Pop_A_2015',31,'comercial','Avisos'),('Carnaval_Pop_A_2015',32,'comercial','Institucionais'),('Carnaval_Pop_A_2015',33,'comercial','Curiosidades'),('Carnaval_Pop_A_2015',35,'musical','Nac_Pop'),('Carnaval_Pop_A_2015',36,'comercial','Vinhetas_Pontes'),('Carnaval_Pop_A_2015',37,'comercial','Sazonais'),('Carnaval_Pop_A_2015',38,'comercial','Anunciantes_1'),('Carnaval_Pop_A_2015',40,'musical','Hits_2014'),('Carnaval_Pop_A_2015',41,'comercial','Promocoes'),('Carnaval_Pop_A_2015',45,'musical','Mpb'),('Carnaval_Pop_A_2015',46,'comercial','Coringa'),('Carnaval_Pop_A_2015',48,'comercial','Prefixo'),('Carnaval_Pop_A_2015',50,'musical','Hits_2014'),('Carnaval_Pop_A_2015',51,'comercial','Saudacoes'),('Carnaval_Pop_A_2015',55,'musical','Nac_Pop'),('Carnaval_Pop_A_2015',56,'comercial','Vinhetas_Pontes'),('Carnaval_Pop_A_2015',57,'comercial','Dicas'),('Carnaval_Pop_A_2015',60,'musical','Hits_2014'),('Carnaval_Pop_A_2015',61,'comercial','Abre_Break'),('Carnaval_Pop_A_2015',65,'musical','Mpb'),('Carnaval_Pop_A_2015',66,'comercial','Institucionais'),('Carnaval_Pop_A_2015',67,'comercial','Promocoes'),('Carnaval_Pop_A_2015',70,'musical','Hits_2014'),('Carnaval_Pop_A_2015',71,'comercial','Vinhetas_Pontes'),('Carnaval_Pop_A_2015',74,'comercial','Reporter'),('Carnaval_Pop_A_2015',75,'musical','Nac_Pop'),('Carnaval_Pop_A_2015',76,'comercial','Teaser'),('Carnaval_Pop_A_2015',78,'comercial','Anunciantes_1'),('Carnaval_Pop_A_2015',80,'musical','Hits_2014'),('Carnaval_Pop_A_2015',81,'comercial','Avisos'),('Carnaval_Pop_A_2015',82,'comercial','Institucionais'),('Carnaval_Pop_A_2015',83,'comercial','Curiosidades'),('Carnaval_Pop_A_2015',85,'musical','Mpb'),('Carnaval_Pop_A_2015',86,'comercial','Vinhetas_Pontes'),('Carnaval_Pop_A_2015',87,'comercial','Sazonais'),('Carnaval_Pop_A_2015',88,'comercial','Prefixo'),('Carnaval_Pop_A_2015',90,'musical','Hits_2014'),('Carnaval_Pop_A_2015',91,'comercial','Promocoes'),('Carnaval_Pop_A_2015',95,'musical','Nac_Pop'),('Carnaval_Pop_A_2015',96,'comercial','Coringa'),('Carnaval_Pop_A_2015',100,'comercial','Anunciar_Musicas'),('SP_2011',96,'comercial','Coringa'),('SP_2011',100,'comercial','Anunciar_Musicas'),('Rio_2011',94,'comercial','Reporter'),('Rio_2011',95,'musical','Samba'),('Rio_2011',96,'comercial','Coringa'),('Rio_2011',100,'comercial','Anunciar_Musicas'),('Pop_Top_2012',31,'comercial','Avisos'),('Pop_Top_2012',30,'musical','Pop_Top'),('Pop_Top_2012',27,'comercial','Fornecedores'),('Pop_Top_2012',26,'comercial','Teaser'),('Pop_Top_2012',25,'musical','Pop_Top'),('Pop_Top_2012',24,'comercial','Reporter'),('Pop_Top_2012',21,'comercial','Vinhetas_Pontes'),('Pop_Top_2012',20,'musical','Pop_Top'),('Pop_Top_2012',17,'comercial','Promocoes'),('Pop_Top_2012',16,'comercial','Institucionais'),('Pop_Top_2012',15,'musical','Pop_Top'),('Pop_Top_2012',14,'comercial','Reporter'),('Pop_Top_2012',11,'comercial','Abre_Break'),('Pop_Top_2012',10,'musical','Pop_Top'),('Pop_Top_2012',8,'comercial','Prefixo'),('Pop_Top_2012',7,'comercial','Dicas'),('Pop_Top_2012',6,'comercial','Vinhetas_Pontes'),('Pop_Top_2012',5,'musical','Pop_Top'),('Pop_Top_2012',1,'comercial','Saudacoes'),('Juninas_2016',76,'comercial','Teaser'),('Juninas_2016',75,'musical','Pop_Top'),('Juninas_2016',74,'comercial','Reporter'),('Juninas_2016',71,'comercial','Vinhetas_Pontes'),('Juninas_2016',70,'musical','Juninas'),('Juninas_2016',67,'comercial','Promocoes'),('Juninas_2016',66,'comercial','Institucionais'),('Juninas_2016',65,'musical','Juninas'),('Juninas_2016',61,'comercial','Abre_Break'),('Juninas_2016',60,'musical','Pop_Top'),('Juninas_2016',57,'comercial','Dicas'),('Juninas_2016',56,'comercial','Vinhetas_Pontes'),('Juninas_2016',55,'musical','Juninas'),('Juninas_2016',51,'comercial','Saudacoes'),('Juninas_2016',50,'musical','Juninas'),('Juninas_2016',48,'comercial','Prefixo'),('Juninas_2016',46,'comercial','Coringa'),('Juninas_2016',45,'musical','Pop_Top'),('Juninas_2016',41,'comercial','Promocoes'),('Juninas_2016',40,'musical','Juninas'),('Juninas_2016',38,'comercial','Anunciantes_1'),('Juninas_2016',37,'comercial','Sazonais'),('Juninas_2016',36,'comercial','Vinhetas_Pontes'),('Juninas_2016',35,'musical','Juninas'),('Juninas_2016',33,'comercial','Curiosidades'),('Juninas_2016',32,'comercial','Institucionais'),('Juninas_2016',31,'comercial','Avisos'),('Juninas_2016',30,'musical','Pop_Top'),('Juninas_2016',27,'comercial','Fornecedores'),('Juninas_2016',26,'comercial','Teaser'),('Juninas_2016',25,'musical','Juninas'),('Juninas_2016',24,'comercial','Reporter'),('Juninas_2016',21,'comercial','Vinhetas_Pontes'),('Juninas_2016',20,'musical','Juninas'),('Juninas_2016',17,'comercial','Promocoes'),('Juninas_2016',16,'comercial','Institucionais'),('Juninas_2016',15,'musical','Pop_Top'),('Juninas_2016',14,'comercial','Reporter'),('Juninas_2016',11,'comercial','Abre_Break'),('Juninas_2016',10,'musical','Juninas'),('Juninas_2016',8,'comercial','Prefixo'),('Juninas_2016',7,'comercial','Dicas'),('Juninas_2016',6,'comercial','Vinhetas_Pontes'),('Juninas_2016',5,'musical','Juninas'),('Juninas_2016',1,'comercial','Saudacoes'),('Juninas_2016',80,'musical','Juninas'),('Juninas_2016',81,'comercial','Avisos'),('Juninas_2016',82,'comercial','Institucionais'),('Juninas_2016',83,'comercial','Curiosidades'),('Juninas_2016',85,'musical','Juninas'),('Juninas_2016',86,'comercial','Vinhetas_Pontes'),('Juninas_2016',87,'comercial','Sazonais'),('Juninas_2016',88,'comercial','Prefixo'),('Juninas_2016',90,'musical','Pop_Top'),('Juninas_2016',91,'comercial','Promocoes'),('Juninas_2016',95,'musical','Juninas'),('Juninas_2016',96,'comercial','Coringa'),('Juninas_2016',100,'musical','Juninas');
/*!40000 ALTER TABLE `grades` ENABLE KEYS */;
UNLOCK TABLES;

--
-- Table structure for table `programacoes`
--

DROP TABLE IF EXISTS `programacoes`;
/*!40101 SET @saved_cs_client     = @@character_set_client */;
/*!40101 SET character_set_client = utf8 */;
CREATE TABLE `programacoes` (
  `rede` varchar(30) NOT NULL DEFAULT '',
  `loja` varchar(30) NOT NULL DEFAULT '',
  `esquema` varchar(30) NOT NULL DEFAULT '',
  `data_inicio` date NOT NULL DEFAULT '2004-01-01',
  `data_fim` date NOT NULL DEFAULT '2010-12-31',
  `dia_semana` set('1','2','3','4','5','6','7') NOT NULL DEFAULT '',
  `hora_inicio` int(11) NOT NULL DEFAULT '0',
  `hora_fim` int(11) NOT NULL DEFAULT '0',
  PRIMARY KEY (`rede`,`loja`,`data_inicio`,`data_fim`,`dia_semana`,`hora_inicio`,`hora_fim`)
);
/*!40101 SET character_set_client = @saved_cs_client */;

--
-- Dumping data for table `programacoes`
--

LOCK TABLES `programacoes` WRITE;
/*!40000 ALTER TABLE `programacoes` DISABLE KEYS */;
INSERT INTO `programacoes` VALUES ('extrasuper','Lj_1303','Juninas_2016','2016-05-16','2016-06-30','1,2,3,4,5,6,7',0,86399),('extrasuper','Lj_1303','Pop_Top_2012','2016-07-01','2026-05-16','1,2,3,4,5,6,7',0,86399);
/*!40000 ALTER TABLE `programacoes` ENABLE KEYS */;
UNLOCK TABLES;
/*!40103 SET TIME_ZONE=@OLD_TIME_ZONE */;

/*!40101 SET SQL_MODE=@OLD_SQL_MODE */;
/*!40014 SET FOREIGN_KEY_CHECKS=@OLD_FOREIGN_KEY_CHECKS */;
/*!40014 SET UNIQUE_CHECKS=@OLD_UNIQUE_CHECKS */;
/*!40101 SET CHARACTER_SET_CLIENT=@OLD_CHARACTER_SET_CLIENT */;
/*!40101 SET CHARACTER_SET_RESULTS=@OLD_CHARACTER_SET_RESULTS */;
/*!40101 SET COLLATION_CONNECTION=@OLD_COLLATION_CONNECTION */;
/*!40111 SET SQL_NOTES=@OLD_SQL_NOTES */;

-- Dump completed on 2016-09-09 18:38:10
